,name,connectors,formatted_address,address_components,latitude,longitude,place_link,phone_number,rating,review_count
0,Adani Charging Station,"[{'type': 'CCS', 'total': 2, 'available': 2, 'kw': 60, 'speed': 'Fast'}, {'type': 'Wall socket', 'total': 1, 'available': 1, 'kw': 3, 'speed': 'Slow'}]","Boharpar, Chhattisgarh 493558","{'district': None, 'street_address': None, 'city': 'Boharpar', 'zipcode': '493558', 'state': 'Chhattisgarh', 'country': 'IN'}",21.296246,82.921301,https://www.google.com/maps/place/data=!3m1!4b1!4m2!3m1!1s0x3a268a9131e9d08d:0x4c0d216e5cec1cab,,3.0,3
1,Electric Vehicle Charging Station,"[{'type': 'CCS', 'total': 5, 'available': None, 'kw': 50, 'speed': 'Fast'}, {'type': 'Wall socket', 'total': 3, 'available': None, 'kw': 1, 'speed': 'Slow'}]","WQQJ+GW6, Muneikel, Odisha 768039","{'district': None, 'street_address': 'WQQJ+GW6', 'city': 'Muneikel', 'zipcode': '768039', 'state': 'Odisha', 'country': 'IN'}",20.9382666,82.78270429999999,https://www.google.com/maps/place/data=!3m1!4b1!4m2!3m1!1s0x3a25d70056dadd9b:0xefaf7db64dff064a,,3.3,3
2,CharjKaro Charging Station,"[{'type': 'Unknown plug', 'total': 2, 'available': None, 'kw': 60, 'speed': 'Fast'}]","Shahpur Jat, Siri fort, New Delhi, Delhi 495661","{'district': 'Shahpur Jat, Siri fort', 'street_address': None, 'city': 'New Delhi', 'zipcode': '495661', 'state': 'Delhi', 'country': 'IN'}",21.8069144,82.75252929999999,https://www.google.com/maps/place/data=!3m1!4b1!4m2!3m1!1s0x390ce3000c9078a5:0x45b43869440e79e,,2.3,3
3,Adani Charging Station,"[{'type': 'CCS', 'total': 2, 'available': 0, 'kw': 60, 'speed': 'Fast'}, {'type': 'Wall socket', 'total': 1, 'available': 0, 'kw': 3, 'speed': 'Slow'}]","52CP+G76 Kesariya The Dhaba, NH LAY OVER, Ghodari, Chhattisgarh 493445","{'district': None, 'street_address': '52CP+G76 Kesariya The Dhaba, NH LAY OVER', 'city': 'Ghodari', 'zipcode': '493445', 'state': 'Chhattisgarh', 'country': 'IN'}",21.1712751,82.0356379,https://www.google.com/maps/place/data=!3m1!4b1!4m2!3m1!1s0x3a28bb4a2b6ae337:0xa1a4c7dcdaa3d7d,,4.3,6
4,BPCL Charging Station,"[{'type': 'CCS', 'total': 1, 'available': 1, 'kw': 30, 'speed': 'Medium'}]","3996+CM9, Dargaon, Kota, Chhattisgarh 493449","{'district': None, 'street_address': '3996+CM9', 'city': 'Dargaon, Kota', 'zipcode': '493449', 'state': 'Chhattisgarh', 'country': 'IN'}",21.068530799999998,82.3617326,https://www.google.com/maps/place/data=!3m1!4b1!4m2!3m1!1s0x3a26050bd66f02b7:0xa37f07538e64c75c,,5.0,6
5,BPCL Charging Station,"[{'type': 'CCS', 'total': 1, 'available': 0, 'kw': 30, 'speed': 'Medium'}]","VF76+JRX, RO at Pamgarh, Pamgarh Shivrinarayan Road Di Nailajanjgir, Chhattisgarh 495554","{'district': None, 'street_address': 'VF76+JRX, RO at Pamgarh, Pamgarh Shivrinarayan Road Di Nailajanjgir', 'city': 'Cheudih', 'zipcode': '495554', 'state': 'Chhattisgarh', 'country': 'IN'}",21.864104299999997,82.4621088,https://www.google.com/maps/place/data=!3m1!4b1!4m2!3m1!1s0x3a27cf5ad0e1f9ad:0xf47cd466ede15008,,4.7,3
6,BPCL Charging Station,"[{'type': 'CCS', 'total': 1, 'available': 1, 'kw': 30, 'speed': 'Medium'}]","8875+VMV, ARJUNDA, Kochinda, Odisha 768033","{'district': None, 'street_address': '8875+VMV', 'city': 'ARJUNDA, Kochinda', 'zipcode': '768033', 'state': 'Odisha', 'country': 'IN'}",21.314738,83.30917099999999,https://www.google.com/maps/place/data=!3m1!4b1!4m2!3m1!1s0x3a26bf138f5ef617:0xcc3a578d7d59d5ce,,1.0,1
7,Tata Power Charging Station,"[{'type': 'CCS', 'total': 1, 'available': None, 'kw': 30, 'speed': 'Medium'}, {'type': 'Type 2', 'total': 1, 'available': None, 'kw': 7, 'speed': 'Slow'}]","Station Road, Moudhapara, Raipur, Gudhiyari, Chhattisgarh 492009","{'district': 'Station Road, Moudhapara', 'street_address': None, 'city': 'Raipur, Gudhiyari', 'zipcode': '492009', 'state': 'Chhattisgarh', 'country': 'IN'}",21.2553683,81.62945309999999,https://www.google.com/maps/place/data=!3m1!4b1!4m2!3m1!1s0x3a28dd92bbad6121:0xe25f5431dd97dcb,,3.8,8
8,BPCL Charging Station,"[{'type': 'CCS', 'total': 1, 'available': 1, 'kw': 30, 'speed': 'Medium'}]","8877+35J, KARALMAL, Karalmal, Kochinda, Odisha 768033","{'district': 'KARALMAL', 'street_address': '8877+35J', 'city': 'Karalmal, Kochinda', 'zipcode': '768033', 'state': 'Odisha', 'country': 'IN'}",21.312703799999998,83.3128902,https://www.google.com/maps/place/data=!3m1!4b1!4m2!3m1!1s0x3a26bf16714e8f45:0xfae7931ad965f5f5,,,0
9,BPCL Charging Station,"[{'type': 'CCS', 'total': 1, 'available': 0, 'kw': 30, 'speed': 'Medium'}]","9P8V+4J7, ATTABIRA, Kochinda, Suktapali, Odisha 768053","{'district': 'ATTABIRA', 'street_address': '9P8V+4J7', 'city': 'Kochinda, Suktapali', 'zipcode': '768053', 'state': 'Odisha', 'country': 'IN'}",21.3652959,83.7440391,https://www.google.com/maps/place/data=!3m1!4b1!4m2!3m1!1s0x3a2137e72973ae7f:0xd5d8568d0f1a5d9b,,3.9,9
10,BPCL Charging Station,"[{'type': 'CCS', 'total': 1, 'available': 0, 'kw': 30, 'speed': 'Medium'}]","8F75+PH5, Bargarh, Odisha 768033","{'district': None, 'street_address': '8F75+PH5', 'city': 'Bargarh', 'zipcode': '768033', 'state': 'Odisha', 'country': 'IN'}",21.314256999999998,83.45897819999999,https://www.google.com/maps/place/data=!3m1!4b1!4m2!3m1!1s0x3a26b7b1b8c505f3:0xb29c752db934d02,,5.0,1
11,Tata Power Charging Station,"[{'type': 'CCS', 'total': 1, 'available': None, 'kw': 30, 'speed': 'Medium'}]","6MQQ+4V7, K. K. Nagar, Raipur, Purena, Chhattisgarh 492001","{'district': 'K. K. Nagar', 'street_address': '6MQQ+4V7', 'city': 'Raipur, Purena', 'zipcode': '492001', 'state': 'Chhattisgarh', 'country': 'IN'}",21.2377887,81.6896835,https://www.google.com/maps/place/data=!3m1!4b1!4m2!3m1!1s0x3a28dd331922ff4b:0xe8ff71e8506a833c,,2.6,5
12,Electric Vehicle Charging Station,"[{'type': 'CCS', 'total': 4, 'available': None, 'kw': 142, 'speed': 'Fast'}]","Airport Metro Station, Sonegaon, Nagpur, Maharashtra 440005","{'district': 'Sonegaon', 'street_address': 'Airport Metro Station', 'city': 'Nagpur', 'zipcode': '440005', 'state': 'Maharashtra', 'country': 'IN'}",21.086684599999998,79.06369509999999,https://www.google.com/maps/place/data=!3m1!4b1!4m2!3m1!1s0x3bd4bfd7bb1b3553:0xab73d86119c3626e,,3.3,22
13,BPCL Charging Station,"[{'type': 'CCS', 'total': 1, 'available': 1, 'kw': 30, 'speed': 'Medium'}]","5XV9+34V, RASANI,RASANI, Kota, Chhattisgarh 493441","{'district': 'Kota', 'street_address': '5XV9+34V, RASANI,RASANI', 'city': 'Arang', 'zipcode': '493441', 'state': 'Chhattisgarh', 'country': 'IN'}",21.192745,81.967782,https://www.google.com/maps/place/data=!3m1!4b1!4m2!3m1!1s0x3a28bc091a794fbf:0xc4b1db3a62419a82,,5.0,1
14,Electric Vehicle Charging Station,"[{'type': 'Unknown plug', 'total': 2, 'available': None, 'kw': 70, 'speed': 'Fast'}]","Budhapara, Raipur, Chhattisgarh 492001","{'district': 'Budhapara', 'street_address': None, 'city': 'Raipur', 'zipcode': '492001', 'state': 'Chhattisgarh', 'country': 'IN'}",21.2350671,81.6309002,https://www.google.com/maps/place/data=!3m1!4b1!4m2!3m1!1s0x3a28dd001c27d549:0x1863f5f40896d62a,,3.7,6
15,BPCL Charging Station,"[{'type': 'CCS', 'total': 1, 'available': 0, 'kw': 30, 'speed': 'Medium'}]","XFW4+RRJ, VILL- AMARTAL, BILASPUR RAIGARH HIGHWAY, AKAL Nailajanjgir, Chhattisgarh 495668","{'district': None, 'street_address': 'XFW4+RRJ, VILL- AMARTAL, BILASPUR RAIGARH HIGHWAY, AKAL Nailajanjgir', 'city': None, 'zipcode': '495668', 'state': 'Chhattisgarh', 'country': 'IN'}",21.9970854,82.4570214,https://www.google.com/maps/place/data=!3m1!4b1!4m2!3m1!1s0x3a27c3c11b67eebb:0xdb634f433c1562dc,,1.0,1
16,BPCL Charging Station,"[{'type': 'CCS', 'total': 1, 'available': 1, 'kw': 30, 'speed': 'Medium'}]","6HVH+8RH, Raipur, Chhattisgarh 492099","{'district': None, 'street_address': '6HVH+8RH', 'city': 'Raipur', 'zipcode': '492099', 'state': 'Chhattisgarh', 'country': 'IN'}",21.24332,81.579622,https://www.google.com/maps/place/data=!3m1!4b1!4m2!3m1!1s0x3a28de3fb1b4f5dd:0x43fdd02f33b76ab8,,3.0,3
17,Ola Charging Station,"[{'type': 'CCS', 'total': 1, 'available': 0, 'kw': 30, 'speed': 'Medium'}]","6MQH+R3F, Jivan Vihar, Raipur, Chhattisgarh 492001","{'district': 'Jivan Vihar', 'street_address': '6MQH+R3F', 'city': 'Raipur', 'zipcode': '492001', 'state': 'Chhattisgarh', 'country': 'IN'}",21.2395532,81.6776714,https://www.google.com/maps/place/data=!3m1!4b1!4m2!3m1!1s0x3a28dd002ba5d6a5:0xa08c9109d2c5eb39,,1.7,13
18,BPCL Charging Station,"[{'type': 'CCS', 'total': 1, 'available': 1, 'kw': 30, 'speed': 'Medium'}]","8JPC+5M5, Bilaspur Rd, Raipur, Kanhera, Chhattisgarh 492003","{'district': None, 'street_address': '8JPC+5M5, Bilaspur Rd', 'city': 'Raipur, Kanhera', 'zipcode': '492003', 'state': 'Chhattisgarh', 'country': 'IN'}",21.335393999999997,81.62172699999999,https://www.google.com/maps/place/data=!3m1!4b1!4m2!3m1!1s0x3a28e6c0e5f225ad:0x4f37c9574686f943,,,0
19,BPCL Charging Station,"[{'type': 'CCS', 'total': 1, 'available': 0, 'kw': 30, 'speed': 'Medium'}]","V9FQ+48X, Industrial Area, Raigarh, Chhattisgarh 496001","{'district': 'Industrial Area', 'street_address': 'V9FQ+48X', 'city': 'Raigarh', 'zipcode': '496001', 'state': 'Chhattisgarh', 'country': 'IN'}",21.872868999999998,83.38834899999999,https://www.google.com/maps/place/data=!3m1!4b1!4m2!3m1!1s0x3a2725060cd95505:0x6c6b3b12bbbef2bc,,,0
20,BPCL Charging Station,"[{'type': 'CCS', 'total': 2, 'available': 0, 'kw': 30, 'speed': 'Medium'}]","8Q22+HM2, Mota, nuapada, Khariar, Gadramunda, Odisha 766107","{'district': 'nuapada', 'street_address': '8Q22+HM2, Mota', 'city': 'Khariar, Gadramunda', 'zipcode': '766107', 'state': 'Odisha', 'country': 'IN'}",20.3013862,82.7516433,https://www.google.com/maps/place/data=!3m1!4b1!4m2!3m1!1s0x3a25af6a22edfec1:0xc5bcc63f1b47f4d2,,,0
21,BPCL Charging Station,"[{'type': 'CCS', 'total': 1, 'available': 1, 'kw': 30, 'speed': 'Medium'}]","GM8V+JHV, Saddu, Kota, Chhattisgarh 493116","{'district': None, 'street_address': 'GM8V+JHV', 'city': 'Saddu, Kota', 'zipcode': '493116', 'state': 'Chhattisgarh', 'country': 'IN'}",21.5166085,81.69392789999999,https://www.google.com/maps/place/data=!3m1!4b1!4m2!3m1!1s0x3a28f0830324aab7:0x556abc91afabcac8,,4.0,1
22,BPCL Charging Station,"[{'type': 'CCS', 'total': 1, 'available': 1, 'kw': 30, 'speed': 'Medium'}]","8J8Q+8RQ, Transport Nagar, Birgoan, Raipur, Chhattisgarh 493221","{'district': 'Transport Nagar, Birgoan', 'street_address': '8J8Q+8RQ', 'city': 'Raipur', 'zipcode': '493221', 'state': 'Chhattisgarh', 'country': 'IN'}",21.315832999999998,81.639605,https://www.google.com/maps/place/data=!3m1!4b1!4m2!3m1!1s0x3a28e6fd9baf17ef:0x7a5bb408aaedffda,,,0
23,Tata Power Charging Station,"[{'type': 'CCS', 'total': 1, 'available': None, 'kw': 30, 'speed': 'Medium'}, {'type': 'Type 2', 'total': 1, 'available': None, 'kw': 7, 'speed': 'Slow'}]","7J4P+HRV, Jail Rd, near Shri Gurugovind Singh Chowk, Devendra Nagar, Raipur, Chhattisgarh 492001","{'district': 'Devendra Nagar', 'street_address': '7J4P+HRV, Jail Rd, near Shri Gurugovind Singh Chowk', 'city': 'Raipur', 'zipcode': '492001', 'state': 'Chhattisgarh', 'country': 'IN'}",21.2564893,81.63704349999999,https://www.google.com/maps/place/data=!3m1!4b1!4m2!3m1!1s0x3a28dd855ad10e6f:0xa0ca39f85e81f73c,,3.0,2
24,BPCL Charging Station,"[{'type': 'CCS', 'total': 1, 'available': 1, 'kw': 30, 'speed': 'Medium'}]","9M77+WGC VILL SA, SILTARA VILL SANKARA, PHASE II, Siltara, Kota, Chhattisgarh 493221","{'district': 'PHASE II', 'street_address': '9M77+WGC VILL SA, SILTARA VILL SANKARA', 'city': 'Siltara, Kota', 'zipcode': '493221', 'state': 'Chhattisgarh', 'country': 'IN'}",21.364805999999998,81.66376439999999,https://www.google.com/maps/place/data=!3m1!4b1!4m2!3m1!1s0x3a28e5d8b45919d7:0x490991afb0bacae4,,1.0,1
25,BPCL Charging Station,"[{'type': 'CCS', 'total': 1, 'available': 0, 'kw': 30, 'speed': 'Medium'}]","2PVJ+CR4, Abhanpur, Kota, Chhattisgarh 493661","{'district': None, 'street_address': '2PVJ+CR4', 'city': 'Abhanpur, Kota', 'zipcode': '493661', 'state': 'Chhattisgarh', 'country': 'IN'}",21.0435101,81.7320747,https://www.google.com/maps/place/data=!3m1!4b1!4m2!3m1!1s0x3a28cfa9a77a4065:0xa661b9ad6230dda2,,1.0,2
26,Tata Power Charging Station,"[{'type': 'CCS', 'total': 2, 'available': None, 'kw': 30, 'speed': 'Medium'}]","6MWP+58J, Great Eastern Rd, behind Magneto Mall, Jivan Vihar, Raipur, Purena, Chhattisgarh 492012","{'district': 'Jivan Vihar', 'street_address': '6MWP+58J, Great Eastern Rd, behind Magneto Mall', 'city': 'Raipur, Purena', 'zipcode': '492012', 'state': 'Chhattisgarh', 'country': 'IN'}",21.2454561,81.6857714,https://www.google.com/maps/place/data=!3m1!4b1!4m2!3m1!1s0x3a28dd35fd463825:0x40c60b730c5fb75a,,1.0,1
27,Electric Vehicle Charging Station,"[{'type': 'Unknown plug', 'total': 11, 'available': None, 'kw': 100, 'speed': 'Fast'}]","39Q6+GR9, SH 2, Indagaon, Chhattisgarh 493888","{'district': None, 'street_address': '39Q6+GR9, SH 2', 'city': 'Indagaon', 'zipcode': '493888', 'state': 'Chhattisgarh', 'country': 'IN'}",20.0887924,82.36210489999999,https://www.google.com/maps/place/data=!3m1!4b1!4m2!3m1!1s0x3a2579134d7dd915:0xab584bc631590e40,,3.6,5
28,Ather Grid Charging Station,"[{'type': 'LECCS', 'total': 1, 'available': None, 'kw': 1, 'speed': 'Slow'}]","Aaranyam Restaurant & Cafe, near Vedanta Balco Medical Center, Sector 24, Nawagaon Parsatti, Naya, Chhattisgarh 492018","{'district': 'Sector 24, Nawagaon Parsatti', 'street_address': 'Aaranyam Restaurant & Cafe, near Vedanta Balco Medical Center', 'city': 'Naya, Atal Nagar-Nava Raipur', 'zipcode': '492018', 'state': 'Chhattisgarh', 'country': 'IN'}",21.134089499999998,81.7723539,https://www.google.com/maps/place/data=!3m1!4b1!4m2!3m1!1s0x3a28c42c91b0a96f:0x706356310ee4a670,,1.8,5
29,Tata Power Charging Station,"[{'type': 'CCS', 'total': 2, 'available': None, 'kw': 60, 'speed': 'Fast'}]","C/O Aan, Autotech Ovt Ltd, Ring Road No. 1, Sarona, Raipur, Chhattisgarh 492010","{'district': 'Sarona', 'street_address': 'C/O Aan, Autotech Ovt Ltd, Ring Road No. 1', 'city': 'Raipur', 'zipcode': '492010', 'state': 'Chhattisgarh', 'country': 'IN'}",21.241784,81.581347,https://www.google.com/maps/place/data=!3m1!4b1!4m2!3m1!1s0x3a28de3fe33a3fbd:0x5edd0fe1d011ff73,,,0
30,BPCL Charging Station,"[{'type': 'CCS', 'total': 1, 'available': 0, 'kw': 30, 'speed': 'Medium'}]","RM8M+R4M, Kurud, Chhattisgarh 493663","{'district': None, 'street_address': 'RM8M+R4M', 'city': 'Kurud', 'zipcode': '493663', 'state': 'Chhattisgarh', 'country': 'IN'}",20.817085,81.68281019999999,https://www.google.com/maps/place/data=!3m1!4b1!4m2!3m1!1s0x3a2f2df48d4626cd:0x1dbce30978aa5aef,,3.7,3
31,BPCL Charging Station,"[{'type': 'CCS', 'total': 1, 'available': 0, 'kw': 30, 'speed': 'Medium'}]","6V4C+8R9, Raipur, Chhattisgarh 493441","{'district': None, 'street_address': '6V4C+8R9', 'city': 'Raipur', 'zipcode': '493441', 'state': 'Chhattisgarh', 'country': 'IN'}",21.2057845,81.872112,https://www.google.com/maps/place/data=!3m1!4b1!4m2!3m1!1s0x3a28bf5ddad9677b:0x73bc84b49d78be5d,,4.0,2
32,Charge Zone Charging Station,"[{'type': 'CCS', 'total': 2, 'available': 2, 'kw': 60, 'speed': 'Fast'}]","Vithal Kamats (G Point Restaurant, 44, National Highway, near G Point Fuel Station, Ajanti, Hinganghat, Maharashtra 442301","{'district': None, 'street_address': 'Vithal Kamats (G Point Restaurant, 44, National Highway, near G Point Fuel Station', 'city': 'Ajanti, Hinganghat', 'zipcode': '442301', 'state': 'Maharashtra', 'country': 'IN'}",20.5740697,78.88238609999999,https://www.google.com/maps/place/data=!3m1!4b1!4m2!3m1!1s0x3bd365ca04042c77:0x2bdde1d045ae117d,,5.0,4
33,Tata Power Charging Station,"[{'type': 'CCS', 'total': 2, 'available': None, 'kw': 60, 'speed': 'Fast'}, {'type': 'Type 2', 'total': 1, 'available': None, 'kw': 7, 'speed': 'Slow'}]","8MX4+GRH, Bilaspur Rd, Sankara, Raipur, Chhattisgarh 493221","{'district': None, 'street_address': '8MX4+GRH, Bilaspur Rd', 'city': 'Sankara, Raipur', 'zipcode': '493221', 'state': 'Chhattisgarh', 'country': 'IN'}",21.3488096,81.6571094,https://www.google.com/maps/place/data=!3m1!4b1!4m2!3m1!1s0x3a28e7006dcee527:0x2ad5c49fe3875bcd,,4.5,2
34,Tata Power Charging Station,"[{'type': 'CCS', 'total': 1, 'available': None, 'kw': 30, 'speed': 'Medium'}]","7H45+PQ8, Mumbai - Kolkata Hwy, beside M.P Dhaba, Transport Nagar, Tatibandh, Raipur, Chandanidih, Chhattisgarh 492099","{'district': 'Transport Nagar, Tatibandh', 'street_address': '7H45+PQ8, Mumbai - Kolkata Hwy, beside M.P Dhaba', 'city': 'Raipur, Chandanidih', 'zipcode': '492099', 'state': 'Chhattisgarh', 'country': 'IN'}",21.2567897,81.5594445,https://www.google.com/maps/place/data=!3m1!4b1!4m2!3m1!1s0x3a28dfd34da3eb33:0x769f35436bd38a27,,,0
35,Tata Power Charging Station,"[{'type': 'CCS', 'total': 1, 'available': None, 'kw': 25, 'speed': 'Medium'}]","W9CC+778, Jindal Rd, Sankar nagar, Shivam Vihar Colony, Bhagwanpur, Raigarh, Chhattisgarh 496005","{'district': 'Sankar nagar, Shivam Vihar Colony', 'street_address': 'W9CC+778, Jindal Rd', 'city': 'Bhagwanpur, Raigarh', 'zipcode': '496005', 'state': 'Chhattisgarh', 'country': 'IN'}",21.920673999999998,83.37071399999999,https://www.google.com/maps/place/data=!3m1!4b1!4m2!3m1!1s0x3a273b2e7c5aa2b3:0x7ca98f1aa15a3da5,,,0
36,Tata Power Charging Station,"[{'type': 'CCS', 'total': 2, 'available': None, 'kw': 50, 'speed': 'Fast'}]","42M3+2M5, Ring Rd, Pardsinga, Nagpur, Maharashtra 440016","{'district': 'Pardsinga', 'street_address': '42M3+2M5, Ring Rd', 'city': 'Nagpur', 'zipcode': '440016', 'state': 'Maharashtra', 'country': 'IN'}",21.1325191,79.00423119999999,https://www.google.com/maps/place/data=!3m1!4b1!4m2!3m1!1s0x3bd4eb422c52ce17:0xe9bf2291d42dad30,,3.7,21
37,Ather Grid Charging Station,"[{'type': 'LECCS', 'total': 1, 'available': 0, 'kw': 1, 'speed': 'Slow'}]","Hyatt Raipur, National Highway 6, Jivan Vihar, Labhandih, Chhattisgarh 492001","{'district': 'Jivan Vihar', 'street_address': 'Hyatt Raipur, National Highway 6', 'city': 'Labhandih, Raipur', 'zipcode': '492001', 'state': 'Chhattisgarh', 'country': 'IN'}",21.2402071,81.6843083,https://www.google.com/maps/place/data=!3m1!4b1!4m2!3m1!1s0x3a28dd25126225cb:0x53f95c92a5795c07,,3.7,9
38,Tata Power Charging Station,"[{'type': 'CHAdeMO', 'total': 1, 'available': None, 'kw': 25, 'speed': 'Medium'}, {'type': 'CCS', 'total': 1, 'available': None, 'kw': 25, 'speed': 'Medium'}]","6HQP+566, Ring Road No. 1, Amanaka, Raipur, Chhattisgarh 492010","{'district': 'Amanaka', 'street_address': '6HQP+566, Ring Road No. 1', 'city': 'Raipur', 'zipcode': '492010', 'state': 'Chhattisgarh', 'country': 'IN'}",21.237907,81.585515,https://www.google.com/maps/place/data=!3m1!4b1!4m2!3m1!1s0x3a28de6ba178891f:0x36a577755e76d7e0,,,0
39,BPCL Charging Station,"[{'type': 'CCS', 'total': 1, 'available': 1, 'kw': 30, 'speed': 'Medium'}]","3QH2+9PQ, Abhanpur, Chhattisgarh 493661","{'district': None, 'street_address': '3QH2+9PQ', 'city': 'Abhanpur', 'zipcode': '493661', 'state': 'Chhattisgarh', 'country': 'IN'}",21.0784588,81.7518659,https://www.google.com/maps/place/data=!3m1!4b1!4m2!3m1!1s0x3a28cf615b1f71b3:0x439d531d4c76adc4,,5.0,1
40,BPCL Charging Station,"[{'type': 'CCS', 'total': 2, 'available': 1, 'kw': 60, 'speed': 'Fast'}]","JWMG+MWC, RO AT DAHEGAON, Mahar, Nagpur, Wardha, Maharashtra 442301","{'district': 'Mahar', 'street_address': 'JWMG+MWC, RO AT DAHEGAON', 'city': 'Nagpur, Wardha', 'zipcode': '442301', 'state': 'Maharashtra', 'country': 'IN'}",20.6341874,78.9272561,https://www.google.com/maps/place/data=!3m1!4b1!4m2!3m1!1s0x3bd3640218996d77:0x4e0f99dd359936d8,,3.7,3
41,Charge Zone Charging Station,[],"Courtyard by Marriott, NH-6, opp. Indira Gandhi Agriculture University, Sai Nagar Zora, Krishak Nagar, Raipur, Labhandih, Chhattisgarh 492001","{'district': 'Sai Nagar Zora, Krishak Nagar', 'street_address': 'Courtyard by Marriott, NH-6, opp. Indira Gandhi Agriculture University', 'city': 'Raipur, Labhandih', 'zipcode': '492001', 'state': 'Chhattisgarh', 'country': 'IN'}",21.238992,81.7014246,https://www.google.com/maps/place/data=!3m1!4b1!4m2!3m1!1s0x3a28c31a54542149:0xd2ca26dc1a1e36b4,,3.7,3
42,Thunder Plus Charging Station,"[{'type': 'Unknown plug', 'total': 1, 'available': 1, 'kw': 15, 'speed': 'Medium'}]","6HQM+6VR M/s Jaika Automobiles & Finance Ltd. Gram Raipura, Ring Road No. 1, Amanaka, Raipur, Chhattisgarh 492010","{'district': 'Amanaka', 'street_address': '6HQM+6VR M/s Jaika Automobiles & Finance Ltd. Gram Raipura, Ring Road No. 1', 'city': 'Raipur', 'zipcode': '492010', 'state': 'Chhattisgarh', 'country': 'IN'}",21.238124,81.584628,https://www.google.com/maps/place/data=!3m1!4b1!4m2!3m1!1s0x3a28de6baa1998c1:0xa0cf62ec3a7031e2,,,0
43,Tata Power Charging Station,"[{'type': 'CCS', 'total': 2, 'available': None, 'kw': 25, 'speed': 'Medium'}]","6M5C+879, Dhamtari Rd, in front of Bank Of Baroda, Devpuri, Raipur, Chhattisgarh 492015","{'district': None, 'street_address': '6M5C+879, Dhamtari Rd, in front of Bank Of Baroda', 'city': 'Devpuri, Raipur', 'zipcode': '492015', 'state': 'Chhattisgarh', 'country': 'IN'}",21.208296999999998,81.6707381,https://www.google.com/maps/place/data=!3m1!4b1!4m2!3m1!1s0x3a28dcc2954e38b9:0xf71391592baf7c4d,,,0
44,Tata Power Charging Station,"[{'type': 'CCS', 'total': 1, 'available': None, 'kw': 30, 'speed': 'Medium'}]","WXFX+2WM, Mancherial - Chandrapur - Nagpur Rd, Butibori, Maharashtra 441108","{'district': None, 'street_address': 'WXFX+2WM, Mancherial - Chandrapur - Nagpur Rd', 'city': 'Butibori', 'zipcode': '441108', 'state': 'Maharashtra', 'country': 'IN'}",20.9225972,78.9997922,https://www.google.com/maps/place/data=!3m1!4b1!4m2!3m1!1s0x3bd4981f275f322b:0x974db38d2fd1fe8b,,3.7,6
45,Tata Power Charging Station,"[{'type': 'CCS', 'total': 2, 'available': None, 'kw': 60, 'speed': 'Fast'}]","QJ9M+P9, Bhiwapur, Wardha, Maharashtra 442001","{'district': None, 'street_address': 'QJ9M+P9', 'city': 'Bhiwapur, Wardha', 'zipcode': '442001', 'state': 'Maharashtra', 'country': 'IN'}",20.7694029,78.6340149,https://www.google.com/maps/place/data=!3m1!4b1!4m2!3m1!1s0x3bd47f0060443bd5:0xec76bb1c5b60b141,,3.6,5
46,EESL Charging Station,[],"Mantralaya, Sector 19, Atal Nagar-Nava Raipur, Chhattisgarh 492018","{'district': 'Sector 19', 'street_address': 'Mantralaya', 'city': 'Atal Nagar-Nava Raipur', 'zipcode': '492018', 'state': 'Chhattisgarh', 'country': 'IN'}",21.161336799999997,81.7964476,https://www.google.com/maps/place/data=!3m1!4b1!4m2!3m1!1s0x3a28c73f468bb627:0xfd36e09b2a98ce14,,2.8,5
47,BMW Charging Station,"[{'type': 'CCS', 'total': 1, 'available': None, 'kw': 50, 'speed': 'Fast'}]","Ring, Street Number 1, Raipur, Chhattisgarh 492099","{'district': None, 'street_address': 'Ring, Street Number 1', 'city': 'Raipur', 'zipcode': '492099', 'state': 'Chhattisgarh', 'country': 'IN'}",21.241752299999998,81.5805913,https://www.google.com/maps/place/data=!3m1!4b1!4m2!3m1!1s0x3a28de3ff2fc39dd:0xfc346a2bed876c51,+18883336118,,0
48,Tata Power Charging Station,"[{'type': 'CCS', 'total': 2, 'available': None, 'kw': 60, 'speed': 'Fast'}]","35/1, Amravati Rd, beside Aryodaya Honda Showroom, Kachimet, Nagpur, Maharashtra 440023","{'district': 'Kachimet', 'street_address': '35/1, Amravati Rd, beside Aryodaya Honda Showroom', 'city': 'Nagpur', 'zipcode': '440023', 'state': 'Maharashtra', 'country': 'IN'}",21.1522477,79.0223075,https://www.google.com/maps/place/data=!3m1!4b1!4m2!3m1!1s0x3bd4c0262b176725:0x84fc3e5dce020662,,2.3,3
49,BPCL Charging Station,"[{'type': 'CCS', 'total': 2, 'available': 2, 'kw': 60, 'speed': 'Fast'}]","XWHM+VP8, hingana, Gumgaon, Maharashtra 441110","{'district': 'hingana', 'street_address': 'XWHM+VP8', 'city': 'Gumgaon', 'zipcode': '441110', 'state': 'Maharashtra', 'country': 'IN'}",20.9796692,78.9343201,https://www.google.com/maps/place/data=!3m1!4b1!4m2!3m1!1s0x3bd496d3d4d35837:0x7187c9936590e3ca,,4.2,5
50,Ather Charging Station,"[{'type': 'LECCS', 'total': 2, 'available': None, 'kw': 1, 'speed': 'Slow'}]","Shop No . G 1-5, Ashoka millenium, Plaza, Ring Road No. 1, Priyadarshini Nagar Colony, New Rajendra Nagar, Raipur, Tikrapara, Chhattisgarh 492001","{'district': 'Priyadarshini Nagar Colony, New Rajendra Nagar', 'street_address': 'Shop No . G 1-5, Ashoka millenium, Plaza, Ring Road No. 1', 'city': 'Raipur, Tikrapara', 'zipcode': '492001', 'state': 'Chhattisgarh', 'country': 'IN'}",21.225600999999997,81.6560523,https://www.google.com/maps/place/data=!3m1!4b1!4m2!3m1!1s0x3a28dd036fb56f0b:0x2af8fcd768c0806a,,3.8,10
51,BPCL Charging Station,"[{'type': 'CCS', 'total': 2, 'available': 0, 'kw': 60, 'speed': 'Fast'}, {'type': 'CCS', 'total': 1, 'available': 0, 'kw': 30, 'speed': 'Medium'}]","PW6G+896, At Rampur post Khandala tha Samudrapur dist W, Maharashtra 442301","{'district': None, 'street_address': 'PW6G+896, At Rampur post Khandala tha Samudrapur dist W', 'city': None, 'zipcode': '442301', 'state': 'Maharashtra', 'country': 'IN'}",20.710792599999998,78.9258909,https://www.google.com/maps/place/data=!3m1!4b1!4m2!3m1!1s0x3bd36221d2a17a69:0x5915f1ee7031193b,,4.0,4
52,Ather Grid Charging Station,"[{'type': 'LECCS', 'total': 1, 'available': None, 'kw': 1, 'speed': 'Slow'}]","Nukkad's Bihan Cafe, VIP Rd, Chhattisgarh 492012","{'district': None, 'street_address': ""Nukkad's Bihan Cafe, VIP Rd"", 'city': None, 'zipcode': '492012', 'state': 'Chhattisgarh', 'country': 'IN'}",21.2113481,81.6996757,https://www.google.com/maps/place/data=!3m1!4b1!4m2!3m1!1s0x3a28c3ccf12fbc73:0x4d862a771de77237,,3.0,1
53,BPCL Charging Station,"[{'type': 'CCS', 'total': 1, 'available': 0, 'kw': 30, 'speed': 'Medium'}]","3457+43P, Nagpur, Maharashtra 440037","{'district': None, 'street_address': '3457+43P', 'city': 'Nagpur', 'zipcode': '440037', 'state': 'Maharashtra', 'country': 'IN'}",21.057827,79.112704,https://www.google.com/maps/place/data=!3m1!4b1!4m2!3m1!1s0x3bd4b9347cff11cb:0x6c46e5304fc77d0f,,3.0,2
54,Ather Grid Charging Station,[],"The Food Garage, SHOP No. 12 JAI SHADARAM MARKET DHAMTARI ROAD, NH30, Karkhana, Raipur, Chhattisgarh 492015","{'district': None, 'street_address': 'The Food Garage, SHOP No. 12 JAI SHADARAM MARKET DHAMTARI ROAD, NH30, Karkhana', 'city': 'Raipur, Boria Kal', 'zipcode': '492015', 'state': 'Chhattisgarh', 'country': 'IN'}",21.188915299999998,81.70176289999999,https://www.google.com/maps/place/data=!3m1!4b1!4m2!3m1!1s0x3a28c346b3a2d6a1:0xc1f7e14c20c05261,,2.4,7
55,Ather Grid Charging Station,"[{'type': 'LECCS', 'total': 1, 'available': None, 'kw': 1, 'speed': 'Slow'}]","Gr Flr, Ralas Enclave Commercial Complex, near Gayatri Hospital, Rohinipuram, Amanaka, Dangania, Raipur, Chhattisgarh 492001","{'district': 'Rohinipuram, Amanaka', 'street_address': 'Gr Flr, Ralas Enclave Commercial Complex, near Gayatri Hospital', 'city': 'Dangania, Raipur', 'zipcode': '492001', 'state': 'Chhattisgarh', 'country': 'IN'}",21.2404001,81.6029695,https://www.google.com/maps/place/data=!3m1!4b1!4m2!3m1!1s0x3a28de7567d1ee63:0xd63d8df8bccc815d,,3.0,2
56,BPCL Charging Station,"[{'type': 'CCS', 'total': 1, 'available': 0, 'kw': 30, 'speed': 'Medium'}]","JJ85+94M, Wardha, Maharashtra 442001","{'district': None, 'street_address': 'JJ85+94M', 'city': 'Wardha', 'zipcode': '442001', 'state': 'Maharashtra', 'country': 'IN'}",20.615955,78.607805,https://www.google.com/maps/place/data=!3m1!4b1!4m2!3m1!1s0x3bd383d4450f1bab:0x772965f0e4d3735a,,3.0,2
57,Ather Grid Charging Station,"[{'type': 'LECCS', 'total': 2, 'available': 2, 'kw': 1, 'speed': 'Slow'}]","7M86+3PF, beside Mowa Overbridge, Dubey Colony, Mowa, Raipur, Chhattisgarh 492001","{'district': 'Dubey Colony, Mowa', 'street_address': '7M86+3PF, beside Mowa Overbridge', 'city': 'Raipur', 'zipcode': '492001', 'state': 'Chhattisgarh', 'country': 'IN'}",21.265179999999997,81.66179,https://www.google.com/maps/place/data=!3m1!4b1!4m2!3m1!1s0x3a28dd63b1c8da37:0xdb70802a724e100b,,5.0,2
58,Ather Charging Station,[],"Block No. 94, Ather Space, EC Location: Atherspace , Shop No.2, Ground Floor, Plot No. 11/5, Jaistambh Chowk, beside Hotel Mayura, Raipur, Chhattisgarh 492001","{'district': 'Moudhapara', 'street_address': 'Block No. 94, Ather Space, EC Location: Atherspace , Shop No.2, Ground Floor, Plot No. 11/5, Jaistambh Chowk, beside Hotel Mayura', 'city': 'Raipur', 'zipcode': '492001', 'state': 'Chhattisgarh', 'country': 'IN'}",21.244000399999997,81.6347188,https://www.google.com/maps/place/data=!3m1!4b1!4m2!3m1!1s0x3a28dd8dd6f3bfaf:0x3b296a93e90fe1a9,,3.7,3
59,Hindustan Petroleum Corporation Limited Charging Station,"[{'type': 'CCS', 'total': 2, 'available': 2, 'kw': 30, 'speed': 'Medium'}]","JWMG+6F3, Jamb, Maharashtra 442301","{'district': None, 'street_address': 'JWMG+6F3', 'city': 'Jamb', 'zipcode': '442301', 'state': 'Maharashtra', 'country': 'IN'}",20.633007,78.9261867,https://www.google.com/maps/place/data=!3m1!4b1!4m2!3m1!1s0x3bd364024b8133c9:0x91eaf9177ddb71f8,,1.0,1
60,BPCL Charging Station,"[{'type': 'CCS', 'total': 1, 'available': 1, 'kw': 30, 'speed': 'Medium'}]","3323+RFJ, Khapri, Achalpur, Maharashtra 441108","{'district': None, 'street_address': '3323+RFJ', 'city': 'Khapri, Achalpur', 'zipcode': '441108', 'state': 'Maharashtra', 'country': 'IN'}",21.0520931,79.0536491,https://www.google.com/maps/place/data=!3m1!4b1!4m2!3m1!1s0x3bd4be5cd1da7d49:0x733c7d15fa60815b,,4.5,2
61,Ather Grid Charging Station,[],"Lalten caf茅, Great Eastern Rd, near Anupam Garden, Doongaji Colony, Raipur, Chhattisgarh 492010","{'district': 'Doongaji Colony', 'street_address': 'Lalten caf茅, Great Eastern Rd, near Anupam Garden', 'city': 'Raipur', 'zipcode': '492010', 'state': 'Chhattisgarh', 'country': 'IN'}",21.2444126,81.607608,https://www.google.com/maps/place/data=!3m1!4b1!4m2!3m1!1s0x3a28dd3c1f9fbae7:0x20b41779542b4ad6,,2.4,8
62,Ather Grid Charging Station,"[{'type': 'LECCS', 'total': 1, 'available': 1, 'kw': 1, 'speed': 'Slow'}]","near Sindi gurudwara, Nahar Para, Station Road, Moudhapara, Raipur, Chhattisgarh 492009","{'district': 'Nahar Para, Station Road, Moudhapara', 'street_address': 'near Sindi gurudwara', 'city': 'Raipur', 'zipcode': '492009', 'state': 'Chhattisgarh', 'country': 'IN'}",21.255468,81.633305,https://www.google.com/maps/place/data=!3m1!4b1!4m2!3m1!1s0x3a28dd8e2a1d7e03:0x90f741f0d94a2a1c,,1.0,1
63,Statiq Charging Station,[],"Haldiram's, Bypass, Raipur - Bilaspur Expy, near Jio-bp Fuel Station, Dharsiwa, Raipur, Chhattisgarh 493221","{'district': None, 'street_address': ""Haldiram's, Bypass, Raipur - Bilaspur Expy, near Jio-bp Fuel Station"", 'city': 'Dharsiwa, Raipur', 'zipcode': '493221', 'state': 'Chhattisgarh', 'country': 'IN'}",21.407989999999998,81.6773218,https://www.google.com/maps/place/data=!3m1!4b1!4m2!3m1!1s0x3a28e5c211a1be99:0xbe205d957ca5b45f,,5.0,4
64,Adani Charging Station,"[{'type': 'CCS', 'total': 1, 'available': 1, 'kw': 30, 'speed': 'Medium'}, {'type': 'Wall socket', 'total': 1, 'available': 1, 'kw': 3, 'speed': 'Slow'}]","The Pride Hotel, Wardha Rd, New Manish Nagar, Somalwada, Nagpur, Maharashtra 440025","{'district': 'New Manish Nagar, Somalwada', 'street_address': 'The Pride Hotel, Wardha Rd', 'city': 'Nagpur', 'zipcode': '440025', 'state': 'Maharashtra', 'country': 'IN'}",21.0871656,79.0645067,https://www.google.com/maps/place/data=!3m1!4b1!4m2!3m1!1s0x3bd4bf0829e01cbf:0xa96cb1915e35c2ef,,,0
65,Tata Power Charging Station,[],"Nukkad Tea Cafe, 75, Jalvihar Colony Rd, Civil Lines, Raipur, Chhattisgarh 492001","{'district': 'Civil Lines', 'street_address': 'Nukkad Tea Cafe, 75, Jalvihar Colony Rd', 'city': 'Raipur', 'zipcode': '492001', 'state': 'Chhattisgarh', 'country': 'IN'}",21.2404095,81.6577801,https://www.google.com/maps/place/data=!3m1!4b1!4m2!3m1!1s0x3a28dd0d929afb5f:0x11bd33906eae3d7f,,4.0,5
66,Hindustan Petroleum Corporation Limited Charging Station,"[{'type': 'CCS', 'total': 1, 'available': None, 'kw': 30, 'speed': 'Medium'}]","4VQJ+RWR, Chinchbhuwan, Maharashtra 440023","{'district': None, 'street_address': '4VQJ+RWR', 'city': 'Chinchbhuwan', 'zipcode': '440023', 'state': 'Maharashtra', 'country': 'IN'}",21.139624599999998,78.8822801,https://www.google.com/maps/place/data=!3m1!4b1!4m2!3m1!1s0x3bd4ed1d97866f27:0x8e7d977add332974,,5.0,1
67,BPCL Charging Station,"[{'type': 'CCS', 'total': 1, 'available': 0, 'kw': 30, 'speed': 'Medium'}]","RM5J+2XM, Seloo, Achalpur, Maharashtra 442104","{'district': None, 'street_address': 'RM5J+2XM', 'city': 'Seloo, Achalpur', 'zipcode': '442104', 'state': 'Maharashtra', 'country': 'IN'}",20.8075995,78.6824151,https://www.google.com/maps/place/data=!3m1!4b1!4m2!3m1!1s0x3bd480ca2d23de75:0x1f3fca5a85f54843,,2.3,3
68,Electric Vehicle Charging Station,[],"MMR College Rd, in front of CHAMPA COLLEGE, near BUS STAND, Champa, Chhattisgarh 495671","{'district': None, 'street_address': 'MMR College Rd, in front of CHAMPA COLLEGE, near BUS STAND', 'city': 'Champa', 'zipcode': '495671', 'state': 'Chhattisgarh', 'country': 'IN'}",22.046612099999997,82.6492805,https://www.google.com/maps/place/data=!3m1!4b1!4m2!3m1!1s0x3a27bd712c4bf01b:0x2fdd148796896979,,,0
69,Tata Power Charging Station,"[{'type': 'CCS', 'total': 1, 'available': None, 'kw': 30, 'speed': 'Medium'}]","NH 07, Plot no-X-273, Nagpur, Butibori, Maharashtra 441122","{'district': None, 'street_address': 'NH 07, Plot no-X-273', 'city': 'Nagpur, Butibori', 'zipcode': '441122', 'state': 'Maharashtra', 'country': 'IN'}",20.933363,79.005252,https://www.google.com/maps/place/data=!3m1!4b1!4m2!3m1!1s0x3bd497f729eb3f7f:0x8737ad6d3d621197,,5.0,1
70,Tata Power Charging Station,"[{'type': 'CHAdeMO', 'total': 1, 'available': None, 'kw': 30, 'speed': 'Medium'}, {'type': 'CCS', 'total': 1, 'available': None, 'kw': 30, 'speed': 'Medium'}]","Dongargaon, WARDHA ROAD, PARSODI, NH-7, Mancherial - Chandrapur - Nagpur Rd, Nagpur, 441108","{'district': None, 'street_address': 'Dongargaon, WARDHA ROAD, PARSODI, NH-7, Mancherial - Chandrapur - Nagpur Rd', 'city': 'Nagpur', 'zipcode': '441108', 'state': 'Maharashtra', 'country': 'IN'}",21.0323769,79.0518982,https://www.google.com/maps/place/data=!3m1!4b1!4m2!3m1!1s0x3bd4be70959b26a5:0xa262c05153df4c60,,5.0,1
71,Tata Power Charging Station,[],"Mahnadi Bhawan, Mantralaya, Public Parking, Sector 19, Atal Nagar-Nava Raipur, Chhattisgarh 492018","{'district': 'Sector 19', 'street_address': 'Mahnadi Bhawan, Mantralaya, Public Parking', 'city': 'Atal Nagar-Nava Raipur', 'zipcode': '492018', 'state': 'Chhattisgarh', 'country': 'IN'}",21.161282099999998,81.796672,https://www.google.com/maps/place/data=!3m1!4b1!4m2!3m1!1s0x3a28c6beea14f267:0xd19a1b451584a099,,5.0,1
72,Electric Vehicle Charging Station,"[{'type': 'Unknown plug', 'total': 1, 'available': None, 'speed': 'Unknown'}]","RVWV+VJH, Sonepur, Odisha 767017","{'district': None, 'street_address': 'RVWV+VJH', 'city': 'Sonepur', 'zipcode': '767017', 'state': 'Odisha', 'country': 'IN'}",20.8471861,83.89413499999999,https://www.google.com/maps/place/data=!3m1!4b1!4m2!3m1!1s0x3a23e7d1a186cd03:0xf03706484e832bf2,,3.4,8
73,Tata Power Charging Station,"[{'type': 'CCS', 'total': 1, 'available': None, 'kw': 30, 'speed': 'Medium'}, {'type': 'Type 2', 'total': 1, 'available': None, 'kw': 7, 'speed': 'Slow'}]","Aditya Tata Cars, C-6, Link Ring Rd, MIDC, Hingna, Nagpur, Maharashtra 440016","{'district': 'MIDC, Hingna', 'street_address': 'Aditya Tata Cars, C-6, Link Ring Rd', 'city': 'Nagpur', 'zipcode': '440016', 'state': 'Maharashtra', 'country': 'IN'}",21.134006,79.004375,https://www.google.com/maps/place/data=!3m1!4b1!4m2!3m1!1s0x3bd4eabc77475dfd:0xcb62f94211636851,,,0
74,Ather Grid Charging Station,"[{'type': 'LECCS', 'total': 1, 'available': 1, 'kw': 1, 'speed': 'Slow'}]","Shop no 2, Dr Satyam Squre, Main Rd, near krishna talkies, Santhoshi Nagar, samat colony, Santoshi Nagar, Raipur, Chhattisgarh 492001","{'district': 'Santhoshi Nagar, samat colony, Santoshi Nagar', 'street_address': 'Shop no 2, Dr Satyam Squre, Main Rd, near krishna talkies', 'city': 'Raipur', 'zipcode': '492001', 'state': 'Chhattisgarh', 'country': 'IN'}",21.245987,81.62433,https://www.google.com/maps/place/data=!3m1!4b1!4m2!3m1!1s0x3a28ddeadf3ee6ab:0x7e419feb17fa2bb7,,3.7,3
75,Tata Power Charging Station,"[{'type': 'CCS', 'total': 1, 'available': None, 'kw': 30, 'speed': 'Medium'}]","Plot no. 8, House no. 1591 Grampanchayat Salod Hirapur, Road, opp. Hanuman Mandir Lane, yavatmal, Wardha, 442001","{'district': None, 'street_address': 'Plot no. 8, House no. 1591 Grampanchayat Salod Hirapur, Road, opp. Hanuman Mandir Lane', 'city': 'yavatmal, Wardha', 'zipcode': '442001', 'state': 'Maharashtra', 'country': 'IN'}",20.712056999999998,78.563142,https://www.google.com/maps/place/data=!3m1!4b1!4m2!3m1!1s0x3bd478aa60496b67:0xc900241de67ed30a,,,0
76,Ather Grid Charging Station,"[{'type': 'LECCS', 'total': 1, 'available': 0, 'kw': 1, 'speed': 'Slow'}]","6JPM+WP9, galaxy travels & holidays new bus stand road RDA colony durga chowk, Kailashpuri Rd, Tikrapara, Raipur, Chhattisgarh 492001","{'district': 'Tikrapara', 'street_address': '6JPM+WP9, galaxy travels & holidays new bus stand road RDA colony durga chowk, Kailashpuri Rd', 'city': 'Raipur', 'zipcode': '492001', 'state': 'Chhattisgarh', 'country': 'IN'}",21.237284,81.63435,https://www.google.com/maps/place/data=!3m1!4b1!4m2!3m1!1s0x3a28ddbb64b3e9e7:0x9ca4d4f2b422aff0,,1.0,1
77,Ather Grid Charging Station,"[{'type': 'LECCS', 'total': 1, 'available': 1, 'kw': 1, 'speed': 'Slow'}]","7J2H+4XW, near subhagaya hospital, Bhawani Patna, Ramsagar Para, Jawahar Nagar, Raipur, Chhattisgarh 492001","{'district': 'Bhawani Patna, Ramsagar Para, Jawahar Nagar', 'street_address': '7J2H+4XW, near subhagaya hospital', 'city': 'Raipur', 'zipcode': '492001', 'state': 'Chhattisgarh', 'country': 'IN'}",21.2503675,81.62995149999999,https://www.google.com/maps/place/data=!3m1!4b1!4m2!3m1!1s0x3a28dd93e92ca519:0xdefc151b290c5f05,,,0
78,Ather Grid Charging Station,"[{'type': 'LECCS', 'total': 1, 'available': 0, 'kw': 1, 'speed': 'Slow'}]","X4J5+M5J, Thakurdiya, Kharsia, Chhattisgarh 496661","{'district': 'Thakurdiya', 'street_address': 'X4J5+M5J', 'city': 'Kharsia', 'zipcode': '496661', 'state': 'Chhattisgarh', 'country': 'IN'}",21.98172,83.1079,https://www.google.com/maps/place/data=!3m1!4b1!4m2!3m1!1s0x3a2711913cb6cbd9:0xdcf0dba685b74728,,,0
79,EESL Charging Station,[],"5Q7Q+C8X, Unnamed Road, Sector 19, Kayabandha, Atal Nagar-Nava Raipur, Chhattisgarh 492018","{'district': 'Sector 19, Kayabandha', 'street_address': '5Q7Q+C8X, Unnamed Road', 'city': 'Atal Nagar-Nava Raipur', 'zipcode': '492018', 'state': 'Chhattisgarh', 'country': 'IN'}",21.163620599999998,81.788358,https://www.google.com/maps/place/data=!3m1!4b1!4m2!3m1!1s0x3a28c6a4c0c6951d:0xcf06e5120f05c18f,,,0
80,Ather Grid Charging Station,"[{'type': 'LECCS', 'total': 1, 'available': 1, 'kw': 1, 'speed': 'Slow'}]","Khasra No. 4234/9, Janjgir, Chhattisgarh 495668","{'district': None, 'street_address': 'Khasra No. 4234/9', 'city': 'Janjgir', 'zipcode': '495668', 'state': 'Chhattisgarh', 'country': 'IN'}",22.013939999999998,82.59282,https://www.google.com/maps/place/data=!3m1!4b1!4m2!3m1!1s0x3a27bf0fa248561d:0x9af51d44fdb1c2fb,,3.0,2
81,Ather Grid Charging Station,[],"Iris Cafe, VIP Rd, Vishal Nagar, Chhattisgarh 492001","{'district': 'Vishal Nagar', 'street_address': 'Iris Cafe, VIP Rd', 'city': 'Raipur', 'zipcode': '492001', 'state': 'Chhattisgarh', 'country': 'IN'}",21.2297191,81.68485129999999,https://www.google.com/maps/place/data=!3m1!4b1!4m2!3m1!1s0x3a28dd6de9309c9b:0x8f1f5fe264818d13,,,0
82,BPCL Charging Station,"[{'type': 'CCS', 'total': 1, 'available': 0, 'kw': 30, 'speed': 'Medium'}]","VW89+CP8, Nagpur, Maharashtra 441108","{'district': None, 'street_address': 'VW89+CP8', 'city': 'Nagpur', 'zipcode': '441108', 'state': 'Maharashtra', 'country': 'IN'}",20.8660413,78.9193354,https://www.google.com/maps/place/data=!3m1!4b1!4m2!3m1!1s0x3bd49bd048ea416b:0x42478b8145a6c43,,,0
83,Ather Grid Charging Station,"[{'type': 'LECCS', 'total': 2, 'available': 0, 'kw': 1, 'speed': 'Slow'}]","GM8V+CHJ, Raipur - Bilaspur Expy, Saddu, Raipur, Chhattisgarh 493101","{'district': None, 'street_address': 'GM8V+CHJ, Raipur - Bilaspur Expy', 'city': 'Saddu, Raipur', 'zipcode': '493101', 'state': 'Chhattisgarh', 'country': 'IN'}",21.51608,81.69389,https://www.google.com/maps/place/data=!3m1!4b1!4m2!3m1!1s0x3a28f082fe1d9b77:0x4d2c637f3ac2f424,,,0
84,Electric Vehicle Charging Station,"[{'type': 'Unknown plug', 'total': 600, 'available': None, 'speed': 'Unknown'}]","2P83+C5R Khushi moter vanding, Mohdi-2, Chhattisgarh 493661","{'district': None, 'street_address': '2P83+C5R Khushi moter vanding', 'city': 'Mohdi-2', 'zipcode': '493661', 'state': 'Chhattisgarh', 'country': 'IN'}",21.0161093,81.7029005,https://www.google.com/maps/place/data=!3m1!4b1!4m2!3m1!1s0x3a28cf2d7cf0eaed:0xe13d2a9659c8c3b4,,4.3,3
85,Ather Grid Charging Station,"[{'type': 'LECCS', 'total': 1, 'available': 0, 'kw': 1, 'speed': 'Slow'}]","Banbori Enterprise, opposite raipur, Saptgiri Colony, Shrinagar, Gudhiyari, Raipur, Chhattisgarh 492009","{'district': 'Saptgiri Colony, Shrinagar', 'street_address': 'Banbori Enterprise, opposite raipur', 'city': 'Gudhiyari, Raipur', 'zipcode': '492009', 'state': 'Chhattisgarh', 'country': 'IN'}",21.2738048,81.6338574,https://www.google.com/maps/place/data=!3m1!4b1!4m2!3m1!1s0x3a28e764864ae309:0xdd8a36228406cbe6,,5.0,1
86,Electric Vehicle Charging Station,[],"The Mall, Ground Parking, Serikhedi, Jora, Raipur, Chhattisgarh 492012","{'district': 'Serikhedi', 'street_address': 'The Mall, Ground Parking', 'city': 'Jora, Raipur', 'zipcode': '492012', 'state': 'Chhattisgarh', 'country': 'IN'}",21.2379848,81.7145039,https://www.google.com/maps/place/data=!3m1!4b1!4m2!3m1!1s0x3a28c3f2e3022e03:0x43c671f31b563f42,,5.0,1
87,Jio-bp pulse Charging Station,[],"L.K. Logistic & Corporate Park, Dumartara, Raipur, Chhattisgarh 492015","{'district': None, 'street_address': 'L.K. Logistic & Corporate Park', 'city': 'Dumartara, Raipur', 'zipcode': '492015', 'state': 'Chhattisgarh', 'country': 'IN'}",21.1959181,81.6935424,https://www.google.com/maps/place/data=!3m1!4b1!4m2!3m1!1s0x3a28c3324ccd8a95:0x78c0aaec401201ec,,,0
88,Thunder Plus Charging Station,"[{'type': 'Unknown plug', 'total': 20, 'available': 1, 'kw': 3, 'speed': 'Slow'}]","Airport South Metro Station, Sonegaon, Nagpur, Maharashtra 440005","{'district': 'Sonegaon', 'street_address': 'Airport South Metro Station', 'city': 'Nagpur', 'zipcode': '440005', 'state': 'Maharashtra', 'country': 'IN'}",21.080052,79.0611577,https://www.google.com/maps/place/data=!3m1!4b1!4m2!3m1!1s0x3bd4bfd9772c0881:0x4ec65a8f4f1e7d4b,,4.0,4
89,Ather Grid Charging Station,"[{'type': 'LECCS', 'total': 1, 'available': None, 'kw': 1, 'speed': 'Slow'}]","No. 1/3, Shop, Jindal Rd, near Hotel Shreshtha, Bhagwanpur, Raigarh, Chhattisgarh 496001","{'district': None, 'street_address': 'No. 1/3, Shop, Jindal Rd, near Hotel Shreshtha', 'city': 'Bhagwanpur, Raigarh', 'zipcode': '496001', 'state': 'Chhattisgarh', 'country': 'IN'}",21.917408,83.38266,https://www.google.com/maps/place/data=!3m1!4b1!4m2!3m1!1s0x3a273ad4f43ce431:0x8bd93fae28e2e842,,,0
90,Electric Vehicle Charging Station,[],"gulmohar park, Gokul Nagar, Kota, Raipur, Chhattisgarh 492009","{'district': 'Gokul Nagar, Kota', 'street_address': 'gulmohar park', 'city': 'Raipur', 'zipcode': '492009', 'state': 'Chhattisgarh', 'country': 'IN'}",21.2513678,81.6196484,https://www.google.com/maps/place/data=!3m1!4b1!4m2!3m1!1s0x3a28dd0063dfeced:0x994fc1688f980464,,,0
91,Electric Vehicle Charging Station,[],"near Subhash stadium, Shyam Nagar, Raipur, Chhattisgarh 492001","{'district': 'Shyam Nagar', 'street_address': 'near Subhash stadium', 'city': 'Raipur', 'zipcode': '492001', 'state': 'Chhattisgarh', 'country': 'IN'}",21.2331206,81.658384,https://www.google.com/maps/place/data=!3m1!4b1!4m2!3m1!1s0x3a28dd2e3572459f:0x66f59b453247fdb3,,,0
92,Ather Grid Charging Station,"[{'type': 'LECCS', 'total': 2, 'available': 0, 'kw': 1, 'speed': 'Slow'}]","6JVP+HQV, Bombay Market, Raipur, Chhattisgarh 492001","{'district': 'Bombay Market', 'street_address': '6JVP+HQV', 'city': 'Raipur', 'zipcode': '492001', 'state': 'Chhattisgarh', 'country': 'IN'}",21.2439945,81.63693289999999,https://www.google.com/maps/place/data=!3m1!4b1!4m2!3m1!1s0x3a28dd980644010d:0x9de5087ab59385a0,,3.0,1
93,Ankush Vehicles,[],Chhattisgarh 495690,"{'district': None, 'street_address': None, 'city': None, 'zipcode': '495690', 'state': 'Chhattisgarh', 'country': 'IN'}",21.8485001,82.7791088,https://www.google.com/maps/place/data=!3m1!4b1!4m2!3m1!1s0x3a27af07389cb377:0xa8591567386e6d4f,,5.0,1
94,Deopuri Zone Cspdcl,[],"6M4M+HW5 Himalayan hight, deopuri, Kamal Vihar, get, Raipur, Chhattisgarh 492015","{'district': 'Kamal Vihar, get', 'street_address': '6M4M+HW5 Himalayan hight, deopuri', 'city': 'Raipur, Devpuri', 'zipcode': '492015', 'state': 'Chhattisgarh', 'country': 'IN'}",21.206393199999997,81.6848486,https://www.google.com/maps/place/data=!3m1!4b1!4m2!3m1!1s0x3a28dd680f54bbdb:0x79de4054850367e1,,3.7,18
95,Jio-bp pulse Charging Station,[],"Amanaka, Raipur, Chhattisgarh 492099","{'district': 'Amanaka', 'street_address': None, 'city': 'Raipur', 'zipcode': '492099', 'state': 'Chhattisgarh', 'country': 'IN'}",21.249342799999997,81.577602,https://www.google.com/maps/place/data=!3m1!4b1!4m2!3m1!1s0x3a28df61ab15af45:0xe669e0fe6e966f37,,,0
96,BPCL Charging Station,"[{'type': 'CCS', 'total': 1, 'available': 0, 'kw': 30, 'speed': 'Medium'}]","VWCJ+VCP, Dhawalpeth, Maharashtra 441108","{'district': None, 'street_address': 'VWCJ+VCP', 'city': 'Dhawalpeth', 'zipcode': '441108', 'state': 'Maharashtra', 'country': 'IN'}",20.872203,78.931067,https://www.google.com/maps/place/data=!3m1!4b1!4m2!3m1!1s0x3bd4997e5b1d9d91:0x1839570273821eb5,,,0
97,Ather Grid Charging Station,"[{'type': 'LECCS', 'total': 1, 'available': 1, 'kw': 1, 'speed': 'Slow'}]","Plot No. 61, Uday Nagar Ring Rd, Shri Ram Nagar, Uday Nagar, Nagpur, Maharashtra 440001","{'district': 'Shri Ram Nagar, Uday Nagar', 'street_address': 'Plot No. 61, Uday Nagar Ring Rd', 'city': 'Nagpur', 'zipcode': '440001', 'state': 'Maharashtra', 'country': 'IN'}",21.150246,79.05967,https://www.google.com/maps/place/data=!3m1!4b1!4m2!3m1!1s0x3bd4c059436bf1e9:0x6edba0e8fb55657,,2.2,5
98,Electric Vehicle Charging Station,[],"6J9J+832, Ravanbhatha, Patel Para, Baloda Bazar, Raipur, Chhattisgarh 492013","{'district': 'Ravanbhatha, Patel Para', 'street_address': '6J9J+832', 'city': 'Baloda Bazar, Raipur', 'zipcode': '492013', 'state': 'Chhattisgarh', 'country': 'IN'}",21.2182526,81.6301313,https://www.google.com/maps/place/data=!3m1!4b1!4m2!3m1!1s0x3a28dd0012cb0435:0xb58dfcf57b9ece1e,,,0
99,Electric Vehicle Charging Station,[],"EWS-165, near Sector 4, DDU Nagar, Devendra Nagar, Raipur, Chhattisgarh 492010","{'district': 'DDU Nagar, Devendra Nagar', 'street_address': 'EWS-165, near Sector 4', 'city': 'Raipur', 'zipcode': '492010', 'state': 'Chhattisgarh', 'country': 'IN'}",21.2404477,81.5955953,https://www.google.com/maps/place/data=!3m1!4b1!4m2!3m1!1s0x3a28df7b296764f9:0x44034e3efb7875c1,,,0
100,Electric Vehicle Charging Station,[],"7J2H+HV6, Janta Colony, Station Road, Moudhapara, Raipur, Gudhiyari, Chhattisgarh 492009","{'district': 'Janta Colony, Station Road, Moudhapara', 'street_address': '7J2H+HV6', 'city': 'Raipur, Gudhiyari', 'zipcode': '492009', 'state': 'Chhattisgarh', 'country': 'IN'}",21.2514105,81.62965179999999,https://www.google.com/maps/place/data=!3m1!4b1!4m2!3m1!1s0x3a28dd001a1a6d01:0x414710b5b7bb27ac,,,0
101,Electric Vehicle Charging Station,[],"Harshit vihar colony urkura road birgaon raipur CG, Chhattisgarh 493221","{'district': 'Industrial Area, Bhanpuri', 'street_address': 'Harshit vihar colony urkura road birgaon raipur CG', 'city': 'Raipur', 'zipcode': '493221', 'state': 'Chhattisgarh', 'country': 'IN'}",21.3058917,81.6462827,https://www.google.com/maps/place/data=!3m1!4b1!4m2!3m1!1s0x3a28e76dbde773a5:0x26be82988d9109e5,,,0
102,Reliable Charge EV Charging Station,"[{'type': 'Type 2', 'total': 2, 'available': None, 'kw': 22, 'speed': 'Medium'}]","Post Office, Talu, Wadala Tukum., Ashta., Maharashtra 442906","{'district': None, 'street_address': 'Post Office, Talu', 'city': 'Wadala Tukum., Ashta.', 'zipcode': '442906', 'state': 'Maharashtra', 'country': 'IN'}",20.2940465,79.2570822,https://www.google.com/maps/place/data=!3m1!4b1!4m2!3m1!1s0x3bd337159f0e9ab5:0x3a33d6acd574527c,,1.0,1
103,Electric Vehicle Charging Station,[],"V5M2+955, Bartori, Chhattisgarh 495224","{'district': None, 'street_address': 'V5M2+955', 'city': 'Bartori', 'zipcode': '495224', 'state': 'Chhattisgarh', 'country': 'IN'}",21.8833782,82.1504942,https://www.google.com/maps/place/data=!3m1!4b1!4m2!3m1!1s0x3a28776afb3ffd6b:0x6de954134f40471,,4.0,3
104,Electric Vehicle Charging Station,[],"6W3P+4G6, Bhursagura, Odisha 767035","{'district': None, 'street_address': '6W3P+4G6', 'city': 'Bhursagura', 'zipcode': '767035', 'state': 'Odisha', 'country': 'IN'}",20.2027864,82.936256,https://www.google.com/maps/place/data=!3m1!4b1!4m2!3m1!1s0x3a245500772d4789:0x3d25152b73f37b18,,5.0,1
105,Electric Vehicle Charging Station,[],"6W29+CX5, NH 53, Lakhoti, Chhattisgarh 493441","{'district': None, 'street_address': '6W29+CX5, NH 53', 'city': 'Lakhoti', 'zipcode': '493441', 'state': 'Chhattisgarh', 'country': 'IN'}",21.202065599999997,81.9192961,https://www.google.com/maps/place/data=!3m1!4b1!4m2!3m1!1s0x3a28bf00483b83fd:0x351bfb50ecbd4404,,3.0,2
106,Electric Vehicle Charging Station,[],"8J4W+MFH, Industrial Area, Bhanpuri, Urkura, Raipur, Chhattisgarh 493221","{'district': 'Industrial Area, Bhanpuri', 'street_address': '8J4W+MFH', 'city': 'Urkura, Raipur', 'zipcode': '493221', 'state': 'Chhattisgarh', 'country': 'IN'}",21.3066757,81.6462294,https://www.google.com/maps/place/data=!3m1!4b1!4m2!3m1!1s0x3a28e739eb6ddf15:0x20dcc85c6dbace0a,,,0
107,OSM - Mahamaya Trading Co,[],"Shop No 12, Ramsagar, Manihari Complex, Shyam Nagar, Raipur, Tikrapara, Chhattisgarh 492001","{'district': 'Shyam Nagar', 'street_address': 'Shop No 12, Ramsagar, Manihari Complex', 'city': 'Raipur, Tikrapara', 'zipcode': '492001', 'state': 'Chhattisgarh', 'country': 'IN'}",21.232149,81.6584707,https://www.google.com/maps/place/data=!3m1!4b1!4m2!3m1!1s0x3a28ddedcd5a80d1:0x54425dab699d99c,,3.0,1
108,Bajaj Auto Ltd Charging Station,"[{'type': 'Wall socket', 'total': 1, 'available': None, 'kw': 3, 'speed': 'Slow'}]","6J8M+4WC, Sanjay Nagar, Tikrapara, Raipur, Chhattisgarh 492013","{'district': 'Sanjay Nagar, Tikrapara', 'street_address': '6J8M+4WC', 'city': 'Raipur', 'zipcode': '492013', 'state': 'Chhattisgarh', 'country': 'IN'}",21.2153244,81.634776,https://www.google.com/maps/place/data=!3m1!4b1!4m2!3m1!1s0x3a28dc4dc117605f:0x70881671a43cad8b,,,0
109,Electric Vehicle Charging Station,[],"VW5V+4M3, Balangir - Sonepur - Redhakhol Rd, Lehedi, Odisha 767062","{'district': None, 'street_address': 'VW5V+4M3, Balangir - Sonepur - Redhakhol Rd', 'city': 'Lehedi', 'zipcode': '767062', 'state': 'Odisha', 'country': 'IN'}",20.857754099999998,83.94418209999999,https://www.google.com/maps/place/data=!3m1!4b1!4m2!3m1!1s0x3a23dd007f1d3cbb:0x599f3b55818b9c41,,5.0,2
110,Celectric Charging Station,[],"Ashoka Parking, near Hotel, Jamb, Maharashtra 442301","{'district': None, 'street_address': 'Ashoka Parking, near Hotel', 'city': 'Jamb', 'zipcode': '442301', 'state': 'Maharashtra', 'country': 'IN'}",20.6163916,78.9321233,https://www.google.com/maps/place/data=!3m1!4b1!4m2!3m1!1s0x3bd367000f12763d:0x7e0de40f65fd1aa2,,4.5,8
111,BMW Charging Station,"[{'type': 'CCS', 'total': 1, 'available': None, 'kw': 50, 'speed': 'Fast'}]","04, Ring Rd, Wadi, Nagpur, Maharashtra 440021","{'district': 'Wadi', 'street_address': '04, Ring Rd', 'city': 'Nagpur', 'zipcode': '440021', 'state': 'Maharashtra', 'country': 'IN'}",21.1452128,79.00366149999999,https://www.google.com/maps/place/data=!3m1!4b1!4m2!3m1!1s0x3bd4ea96b57e0c0d:0x33a6e73830d97949,+18883336118,,0
112,Ather Grid Charging Station,[],"8PF2+HF8, near Vedanta Balco Medical Center, Sector 24, Nawagaon Parsatti, Atal Nagar-Nava Raipur, raipur, Chhattisgarh 493111","{'district': 'Sector 24, Nawagaon Parsatti', 'street_address': '8PF2+HF8, near Vedanta Balco Medical Center', 'city': 'Atal Nagar-Nava Raipur, raipur', 'zipcode': '493111', 'state': 'Chhattisgarh', 'country': 'IN'}",21.323919999999998,81.7012,https://www.google.com/maps/place/data=!3m1!4b1!4m2!3m1!1s0x3a28e885e268cc7b:0x19500cc53fc54d4,,5.0,1
113,Ather Grid Charging Station,[],"Green Wood Four Seasons Hotel, VIP Rd, Vishal Nagar, Raipur, Chhattisgarh 492001","{'district': 'Vishal Nagar', 'street_address': 'Green Wood Four Seasons Hotel, VIP Rd', 'city': 'Raipur', 'zipcode': '492001', 'state': 'Chhattisgarh', 'country': 'IN'}",21.230142,81.685237,https://www.google.com/maps/place/data=!3m1!4b1!4m2!3m1!1s0x3a28dd2e99141601:0x12d26f36bcaa9ad7,,,0
114,Jio-bp pulse Charging Station,[],"Information Technology Park, Entertainment Network India Ltd; Wing A- 301, 3rd Floor, VIPL IT Park Plot No. 28, MIDC, Gayatri Nagar Rd, Parsodi, Area, Nagpur, Maharashtra 440022","{'district': 'Parsodi, Area, Trimurti Nagar', 'street_address': 'Information Technology Park, Entertainment Network India Ltd; Wing A- 301, 3rd Floor, VIPL IT Park Plot No. 28, MIDC, Gayatri Nagar Rd', 'city': 'Nagpur', 'zipcode': '440022', 'state': 'Maharashtra', 'country': 'IN'}",21.1194375,79.0471103,https://www.google.com/maps/place/data=!3m1!4b1!4m2!3m1!1s0x3bd4c10015089625:0x9a57642c83892741,,4.7,3
115,Ather Grid Charging Station,"[{'type': 'LECCS', 'total': 2, 'available': 2, 'kw': 1, 'speed': 'Slow'}]","Plot no. 83, opp. wardha, Nalwadi, Wardha, Maharashtra 442001","{'district': 'Nalwadi', 'street_address': 'Plot no. 83, opp. wardha', 'city': 'Wardha', 'zipcode': '442001', 'state': 'Maharashtra', 'country': 'IN'}",20.7575926,78.6210193,https://www.google.com/maps/place/data=!3m1!4b1!4m2!3m1!1s0x3bd47fadbbe8b36f:0xddc344450374861b,,,0
116,Ather Grid Charging Station,"[{'type': 'LECCS', 'total': 1, 'available': None, 'kw': 1, 'speed': 'Slow'}]","Gond Plot, Giriraj Bhawan, Ground Floor, RT Marg, Sudampuri, Wardha, Maharashtra 442001","{'district': 'Sudampuri', 'street_address': 'Gond Plot, Giriraj Bhawan, Ground Floor, RT Marg', 'city': 'Wardha', 'zipcode': '442001', 'state': 'Maharashtra', 'country': 'IN'}",20.745412899999998,78.5992917,https://www.google.com/maps/place/data=!3m1!4b1!4m2!3m1!1s0x3bd47f11cd2867bd:0xc88489a3355d1e39,,5.0,2
117,Celectric Charging Station,[],"Prayag Enclave, 302, W High Ct Rd, Shankar Nagar, Shivaji Nagar, Nagpur, Maharashtra 440010","{'district': 'Shankar Nagar, Shivaji Nagar', 'street_address': 'Prayag Enclave, 302, W High Ct Rd', 'city': 'Nagpur', 'zipcode': '440010', 'state': 'Maharashtra', 'country': 'IN'}",21.1397288,79.0603114,https://www.google.com/maps/place/data=!3m1!4b1!4m2!3m1!1s0x3bd4c060e8ab97b7:0x82f86562f5c1c5eb,,5.0,15
118,Electric Vehicle Charging Station,[],"2GPW+9FR, Patan, Chhattisgarh 491111","{'district': None, 'street_address': '2GPW+9FR', 'city': 'Patan', 'zipcode': '491111', 'state': 'Chhattisgarh', 'country': 'IN'}",21.035982,81.5461322,https://www.google.com/maps/place/data=!3m1!4b1!4m2!3m1!1s0x3a28d7367b5c4c6f:0xe8d50e6f91e352ad,,5.0,2
119,BPCL Charging Station,"[{'type': 'CCS', 'total': 2, 'available': 2, 'kw': 60, 'speed': 'Fast'}]","V83F+H34, Teachers Colony, Sirsi (r), Umred, Maharashtra 441214","{'district': 'Teachers Colony', 'street_address': 'V83F+H34', 'city': 'Sirsi (r), Umred', 'zipcode': '441214', 'state': 'Maharashtra', 'country': 'IN'}",20.853892,79.322713,https://www.google.com/maps/place/data=!3m1!4b1!4m2!3m1!1s0x3bd4ab881fa24b69:0x450105670a3295ac,,,0
120,Ather Charging Station,"[{'type': 'LECCS', 'total': 3, 'available': None, 'kw': 1, 'speed': 'Slow'}]","Pande Chambers, Plot No. 4, beside Airport Centre Point Hotel, Somalwada, Nagpur, Maharashtra 440025","{'district': 'Somalwada', 'street_address': 'Pande Chambers, Plot No. 4, beside Airport Centre Point Hotel', 'city': 'Nagpur', 'zipcode': '440025', 'state': 'Maharashtra', 'country': 'IN'}",21.0695727,79.0594642,https://www.google.com/maps/place/data=!3m1!4b1!4m2!3m1!1s0x3bd4bf0a89b14f1d:0xe9bb47796340715,,3.3,3
121,ChargeZone Charging Station,[],"Mangalam Hyundai, Raipur - Abhanpur Rd, Lalpur, Tikrapara, Raipur, Chhattisgarh 492015","{'district': 'Lalpur', 'street_address': 'Mangalam Hyundai, Raipur - Abhanpur Rd', 'city': 'Tikrapara, Raipur', 'zipcode': '492015', 'state': 'Chhattisgarh', 'country': 'IN'}",21.2103967,81.6658233,https://www.google.com/maps/place/data=!3m1!4b1!4m2!3m1!1s0x3a28ddb31543cc0d:0xbac2a7eed790d0dc,,,0
122,Ola Charging Station,[],"44PJ+6VG, Middle Ring Rd, Ganga Vihar Colony, Wathoda Layout, Nagpur, Maharashtra 440024","{'district': 'Ganga Vihar Colony, Wathoda Layout', 'street_address': '44PJ+6VG, Middle Ring Rd', 'city': 'Nagpur', 'zipcode': '440024', 'state': 'Maharashtra', 'country': 'IN'}",21.135568,79.1322089,https://www.google.com/maps/place/data=!3m1!4b1!4m2!3m1!1s0x3bd4c75d565a83a5:0x793cbac09c965f14,,3.6,76
123,EESL Charging Station,[],"4339+774 Metro Station, Wardha Rd, Sarvetra Nagar, Jai Prakash Nagar, Somalwada, Nagpur, Maharashtra 440025","{'district': 'Sarvetra Nagar, Jai Prakash Nagar, Somalwada', 'street_address': '4339+774 Metro Station, Wardha Rd', 'city': 'Nagpur', 'zipcode': '440025', 'state': 'Maharashtra', 'country': 'IN'}",21.103145299999998,79.06820739999999,https://www.google.com/maps/place/data=!3m1!4b1!4m2!3m1!1s0x3bd4bffc871e7f4b:0xa5de52c1f996235f,,5.0,2
124,Adani Charging Station,"[{'type': 'Type 2', 'total': 2, 'available': 0, 'kw': 7, 'speed': 'Slow'}]","No. 59/1, Forest Gatesv, Mohurli, 60/1, near Mohurli, MIDC, Bhadravati, Chandrapur, Maharashtra 442404","{'district': 'MIDC', 'street_address': 'No. 59/1, Forest Gatesv, Mohurli, 60/1, near Mohurli', 'city': 'Bhadravati, Chandrapur', 'zipcode': '442404', 'state': 'Maharashtra', 'country': 'IN'}",20.1912964,79.3342236,https://www.google.com/maps/place/data=!3m1!4b1!4m2!3m1!1s0x3bd32d81bf0bb7a1:0x8988b085d86c99ec,,,0
125,Electric Vehicle Charging Station,[],"Mahadev Ghat Rd, Shikshak Colony, Daganiya, Amanaka, Raipur, Chhattisgarh 492001","{'district': 'Shikshak Colony, Daganiya, Amanaka', 'street_address': 'Mahadev Ghat Rd', 'city': 'Raipur', 'zipcode': '492001', 'state': 'Chhattisgarh', 'country': 'IN'}",21.2341619,81.6083579,https://www.google.com/maps/place/data=!3m1!4b1!4m2!3m1!1s0x3a28ddd7c164517b:0x7e55baa89490c82b,,,0
126,Celectric Charging Station,[],"Aradhana Nagar, Mitra Vihar Nagar, New Sahakar Nagar, Dighori, Nagpur, Maharashtra 440024","{'district': 'Mitra Vihar Nagar, New Sahakar Nagar, Dighori', 'street_address': 'Aradhana Nagar', 'city': 'Nagpur', 'zipcode': '440024', 'state': 'Maharashtra', 'country': 'IN'}",21.1223548,79.136539,https://www.google.com/maps/place/data=!3m1!4b1!4m2!3m1!1s0x3bd4b9b07dc7936d:0x64584b7d10fbc81f,,4.5,2
127,Celectric Charging Station,[],"44CP+8C4, Mitra Vihar Nagar, Aradhana Nagar, New Sahakar Nagar, Dighori, Nagpur, Maharashtra 440034","{'district': 'Mitra Vihar Nagar, Aradhana Nagar, New Sahakar Nagar, Dighori', 'street_address': '44CP+8C4', 'city': 'Nagpur', 'zipcode': '440034', 'state': 'Maharashtra', 'country': 'IN'}",21.1207544,79.13606829999999,https://www.google.com/maps/place/data=!3m1!4b1!4m2!3m1!1s0x3bd4b92ec081136f:0x8b4803ffad8628cc,,5.0,3
128,Ather Grid Charging Station,"[{'type': 'LECCS', 'total': 1, 'available': 1, 'kw': 1, 'speed': 'Slow'}]","Timber Mkt, Plot No 39, Great Nag Rd, Sardar Patel Square, Col, Ganeshpeth Colony, Nagpur, Maharashtra 440003","{'district': 'Sardar Patel Square, Col, Ganeshpeth Colony', 'street_address': 'Timber Mkt, Plot No 39, Great Nag Rd', 'city': 'Nagpur', 'zipcode': '440003', 'state': 'Maharashtra', 'country': 'IN'}",21.137075,79.09,https://www.google.com/maps/place/data=!3m1!4b1!4m2!3m1!1s0x3bd4c0bc4d5f0cc7:0x987a622c80d22e9a,,5.0,1
129,NIKOL EV Charging Station,[],"Hotel entry point, 157,158,159,160,161,162,163,164,165,166,167,168,170, Bilaspur Rd, Transport Nagar, Birgoan, Raipur, Dharsiwa, Chhattisgarh 493221","{'district': 'Transport Nagar, Birgoan', 'street_address': 'Hotel entry point, 157,158,159,160,161,162,163,164,165,166,167,168,170, Bilaspur Rd', 'city': 'Raipur, Dharsiwa', 'zipcode': '493221', 'state': 'Chhattisgarh', 'country': 'IN'}",21.3173134,81.63971839999999,https://www.google.com/maps/place/data=!3m1!4b1!4m2!3m1!1s0x3a28e70005743535:0x664d0e2ae12595df,,,0
130,Celectric Charging Station,[],"Mahindra Bloomdale Co-op. Housing Society Ltd, MIHAN, Nagpur, Nagpur, Dahegaon, Maharashtra 441108","{'district': 'MIHAN, Nagpur', 'street_address': 'Mahindra Bloomdale Co-op. Housing Society Ltd', 'city': 'Nagpur, Dahegaon', 'zipcode': '441108', 'state': 'Maharashtra', 'country': 'IN'}",21.0404856,79.0380055,https://www.google.com/maps/place/data=!3m1!4b1!4m2!3m1!1s0x3bd4bff05dbc8fad:0x38653d029fbaa48d,,5.0,5
131,Electric Vehicle Charging Station,[],"Mines, Raipur - Bilaspur Expy, Raipur, Hirri, Chhattisgarh 495220","{'district': None, 'street_address': 'Mines, Raipur - Bilaspur Expy', 'city': 'Raipur, Hirri', 'zipcode': '495220', 'state': 'Chhattisgarh', 'country': 'IN'}",21.997532099999997,82.0755724,https://www.google.com/maps/place/data=!3m1!4b1!4m2!3m1!1s0x3a2873a3849e2fb9:0xdebc9d6db36619f1,,,0
132,Ather Grid Charging Station,[],"Apartment, D1-A, Sagar, Sai, 271, The Breakfast Story, Hingna Rd, opp. Transmitting Station, Nagpur, Maharashtra 440036","{'district': None, 'street_address': 'Apartment, D1-A, Sagar, Sai, 271, The Breakfast Story, Hingna Rd, opp. Transmitting Station', 'city': 'Nagpur', 'zipcode': '440036', 'state': 'Maharashtra', 'country': 'IN'}",21.1232682,79.0385806,https://www.google.com/maps/place/data=!3m1!4b1!4m2!3m1!1s0x3bd4c10ada54e431:0xda834d9b6c271880,,1.0,1
133,Jio-bp pulse Charging Station,[],"No E2, Main Road, MIDC, Hingna, Nagpur, Maharashtra 440016","{'district': 'MIDC, Hingna', 'street_address': 'No E2, Main Road', 'city': 'Nagpur', 'zipcode': '440016', 'state': 'Maharashtra', 'country': 'IN'}",21.134558,79.00372469999999,https://www.google.com/maps/place/data=!3m1!4b1!4m2!3m1!1s0x3bd4ebbf0bc0403b:0x547fce6b61c18c2a,,2.3,3
134,Thunder Plus Charging Station,"[{'type': 'Unknown plug', 'total': 3, 'available': None, 'kw': 3, 'speed': 'Slow'}]","42W4+V9P, Kachimet, Nagpur, Hingna, Maharashtra 440016","{'district': 'Kachimet', 'street_address': '42W4+V9P', 'city': 'Nagpur, Hingna', 'zipcode': '440016', 'state': 'Maharashtra', 'country': 'IN'}",21.1472181,79.00596399999999,https://www.google.com/maps/place/data=!3m1!4b1!4m2!3m1!1s0x3bd4ea90e842f9f5:0xde8efe8f3df8818d,,,0
135,Bolt.Earth EV Charging Station,[],"B, 83(2 Hingna Flipkart India Private Limited Survey no- 91/1 91/4 W03 village wadagan Nagpur Maharashtra 441122","{'district': None, 'street_address': 'B, 83(2 Hingna Flipkart India Private Limited Survey no- 91/1 91/4 W03 village wadagan', 'city': 'Nagpur Kanholi', 'zipcode': '441122', 'state': 'Maharashtra', 'country': 'IN'}",20.992121299999997,78.9857176,https://www.google.com/maps/place/data=!3m1!4b1!4m2!3m1!1s0x3a2aafba490ece2b:0x6ee8202a76a1409c,,,0
136,BPCL Charging Station,[],"7J4P+H7W, Nahar Para, Station Road, Moudhapara, Raipur, Chhattisgarh 493221","{'district': 'Nahar Para, Station Road, Moudhapara', 'street_address': '7J4P+H7W', 'city': 'Raipur', 'zipcode': '493221', 'state': 'Chhattisgarh', 'country': 'IN'}",21.256487,81.635695,https://www.google.com/maps/place/data=!3m1!4b1!4m2!3m1!1s0x3a28dd8fee29b0e1:0xbc5126ef5183b123,,,0
137,Ather Grid Charging Station,"[{'type': 'LECCS', 'total': 1, 'available': 1, 'kw': 1, 'speed': 'Slow'}]","Dhabha Toll Tax, near, Katol Bypass Rd, Wadi, Nagpur, Maharashtra 440023","{'district': 'Wadi', 'street_address': 'Dhabha Toll Tax, near, Katol Bypass Rd', 'city': 'Nagpur', 'zipcode': '440023', 'state': 'Maharashtra', 'country': 'IN'}",21.157442,79.0082,https://www.google.com/maps/place/data=!3m1!4b1!4m2!3m1!1s0x3bd4ea85fe2e5ef1:0xb24abefc13219508,,1.0,1
138,Ather Grid Charging Station,"[{'type': 'LECCS', 'total': 1, 'available': 1, 'kw': 1, 'speed': 'Slow'}]","PJQ2+9QV Shree venkatesh trading company, Mahadevpura, Wardha, Maharashtra 442001","{'district': 'Mahadevpura', 'street_address': 'PJQ2+9QV Shree venkatesh trading company', 'city': 'Wardha', 'zipcode': '442001', 'state': 'Maharashtra', 'country': 'IN'}",20.738477,78.60193199999999,https://www.google.com/maps/place/data=!3m1!4b1!4m2!3m1!1s0x3bd47f0d167fcbb9:0xe4436430c6cfe915,,,0
139,Jio-bp pulse Charging Station,[],"NH-44, 170/01, Nagpur, Maharashtra 440034","{'district': None, 'street_address': 'NH-44, 170/01', 'city': 'Nagpur', 'zipcode': '440034', 'state': 'Maharashtra', 'country': 'IN'}",21.0841167,79.16807899999999,https://www.google.com/maps/place/data=!3m1!4b1!4m2!3m1!1s0x3bd4b91c57e4059d:0x193ae6a3da7da92f,,,0
140,Bolt.Earth Charging Station,[],"Radisson blu, New Sneh Nagar, Nagpur, Maharashtra 440015","{'district': 'New Sneh Nagar', 'street_address': 'Radisson blu', 'city': 'Nagpur', 'zipcode': '440015', 'state': 'Maharashtra', 'country': 'IN'}",21.106927799999998,79.0688582,https://www.google.com/maps/place/data=!3m1!4b1!4m2!3m1!1s0x3bd4bf49ca8bf42b:0xbe62f15704babe2c,,,0
141,Jio-bp pulse Charging Station,[],"Trimurti Nagar, Parsodi, Gayatri Nagar, Trimurti Nagar, Nagpur, Maharashtra 440022","{'district': 'Parsodi, Gayatri Nagar, Trimurti Nagar', 'street_address': 'Trimurti Nagar', 'city': 'Nagpur', 'zipcode': '440022', 'state': 'Maharashtra', 'country': 'IN'}",21.118781,79.04717,https://www.google.com/maps/place/data=!3m1!4b1!4m2!3m1!1s0x3bd4bf4815901505:0xb2243e27b8559b9a,,,0
142,Jio-bp pulse Charging Station,[],"Sonegaon lodhi, Sonegaon, Maharashtra 441108","{'district': 'Sonegaon lodhi', 'street_address': None, 'city': 'Sonegaon', 'zipcode': '441108', 'state': 'Maharashtra', 'country': 'IN'}",20.7902062,78.9567271,https://www.google.com/maps/place/data=!3m1!4b1!4m2!3m1!1s0x3bd49f23718bbc7d:0x6272f6dec0046fd1,,5.0,1
143,Tata Power Charging Station,[],"Old Wadi Naka, 10, Amravati Rd, Wadi, Nagpur, Maharashtra 440023","{'district': 'Wadi', 'street_address': 'Old Wadi Naka, 10, Amravati Rd', 'city': 'Nagpur', 'zipcode': '440023', 'state': 'Maharashtra', 'country': 'IN'}",21.1540392,79.0131452,https://www.google.com/maps/place/data=!3m1!4b1!4m2!3m1!1s0x3bd4ea849b7529b9:0x42158d693089b731,,5.0,1
144,Jio-bp pulse Charging Station,[],"Satgaon, Bori, Butibori, Maharashtra 441108","{'district': 'Satgaon', 'street_address': None, 'city': 'Bori, Butibori', 'zipcode': '441108', 'state': 'Maharashtra', 'country': 'IN'}",20.9290144,79.0037825,https://www.google.com/maps/place/data=!3m1!4b1!4m2!3m1!1s0x3bd4977cfa6aadcd:0xc64c862d474ac3ed,,,0
145,Tata Power Charging Station,[],"42M3+VRX, Pardsinga, Nagpur, Maharashtra 440016","{'district': 'Pardsinga', 'street_address': '42M3+VRX', 'city': 'Nagpur', 'zipcode': '440016', 'state': 'Maharashtra', 'country': 'IN'}",21.1347436,79.0046151,https://www.google.com/maps/place/data=!3m1!4b1!4m2!3m1!1s0x3bd4eabc654144bf:0x4379d38fd9a8c2ef,,5.0,2
146,Jio-bp pulse Charging Station,[],"Survey No.53/1, Rohana, Maharashtra 440023","{'district': None, 'street_address': 'Survey No.53/1', 'city': 'Rohana', 'zipcode': '440023', 'state': 'Maharashtra', 'country': 'IN'}",21.137780799999998,78.8609913,https://www.google.com/maps/place/data=!3m1!4b1!4m2!3m1!1s0x3bd4edd93f6cf5af:0x6b63501bc5b0dd90,,,0
147,Ather Grid Charging Station,"[{'type': 'LECCS', 'total': 2, 'available': 2, 'kw': 1, 'speed': 'Slow'}]","AMEC, Plot no. 5A, 13A, Factory/R&D center, beside Jaika Tata Motors service centre, MIDC, Hingna, Nagpur, 440016","{'district': 'MIDC, Hingna', 'street_address': 'AMEC, Plot no. 5A, 13A, Factory/R&D center, beside Jaika Tata Motors service centre', 'city': 'Nagpur, Digdoh', 'zipcode': '440016', 'state': 'Maharashtra', 'country': 'IN'}",21.1206,79.01062999999999,https://www.google.com/maps/place/data=!3m1!4b1!4m2!3m1!1s0x3bd4eaadb4609b81:0x3a53d430dd3dccb5,,,0
148,Electric Vehicle Charging Station,"[{'type': 'Wall socket', 'total': 3, 'available': None, 'kw': None, 'speed': 'Unknown'}]","RV4P+X73, Sindi, Maharashtra 442105","{'district': None, 'street_address': 'RV4P+X73', 'city': 'Sindi', 'zipcode': '442105', 'state': 'Maharashtra', 'country': 'IN'}",20.8073831,78.8856662,https://www.google.com/maps/place/data=!3m1!4b1!4m2!3m1!1s0x3bd49d1cc683d4ed:0x9821021c02a84250,,,0
149,Electric Vehicle Charging Station,[],"Syndicate Bank, Hingna Rd, M.I.D.C, n 23, S R P Camp, Nagpur, Maharashtra 440036","{'district': 'M.I.D.C, n 23, S R P Camp', 'street_address': 'Syndicate Bank, Hingna Rd', 'city': 'Nagpur', 'zipcode': '440036', 'state': 'Maharashtra', 'country': 'IN'}",21.1188492,79.01924319999999,https://www.google.com/maps/place/data=!3m1!4b1!4m2!3m1!1s0x3bd4eb0ffa60198d:0xa3a6924cd05284,,,0
150,VIKTAMNA Charging Station,[],"VNIT College Abhiyankar square, Near, 40, Central Bazar Road, Bajaj Nagar, Nagpur, Maharashtra 440010","{'district': 'Bajaj Nagar', 'street_address': 'VNIT College Abhiyankar square, Near, 40, Central Bazar Road', 'city': 'Nagpur', 'zipcode': '440010', 'state': 'Maharashtra', 'country': 'IN'}",21.128873799999997,79.0583705,https://www.google.com/maps/place/data=!3m1!4b1!4m2!3m1!1s0x3bd4c17b228cbac5:0x7e6da13663f957af,,3.0,2
151,Electric Vehicle Charging Station,[],"35J6+86M, NH 44, Nagpur, Maharashtra 440034","{'district': None, 'street_address': '35J6+86M, NH 44', 'city': 'Nagpur', 'zipcode': '440034', 'state': 'Maharashtra', 'country': 'IN'}",21.0808437,79.1605335,https://www.google.com/maps/place/data=!3m1!4b1!4m2!3m1!1s0x3bd4b9002b7e595d:0x1c8216842451ab7e,,,0
152,Electric Vehicle Charging Station,[],"42FR+9PW Parking, Subhash Nagar, Metro, Nagpur, Maharashtra 440016","{'district': 'Subhash Nagar, Metro', 'street_address': '42FR+9PW Parking', 'city': 'Nagpur', 'zipcode': '440016', 'state': 'Maharashtra', 'country': 'IN'}",21.123484599999998,79.0418316,https://www.google.com/maps/place/data=!3m1!4b1!4m2!3m1!1s0x3bd4c1d66e78b441:0x81563916c0b9f02a,,2.0,1
153,Electric Vehicle Charging Station,[],"4262+8HM, Lokmanya Nagar Metro Station, Kalmegh Nagar, S R P Camp, Nagpur, Maharashtra 441110","{'district': 'Kalmegh Nagar, S R P Camp', 'street_address': '4262+8HM, Lokmanya Nagar Metro Station', 'city': 'Nagpur, Nildoh ct', 'zipcode': '441110', 'state': 'Maharashtra', 'country': 'IN'}",21.1108305,79.001425,https://www.google.com/maps/place/data=!3m1!4b1!4m2!3m1!1s0x3bd49599920a1a47:0xc2765437d87a5a84,,5.0,2
154,Delta Charging Station,[],"43QW+479, St Stand Rd, Ganeshpeth Colony, Nagpur, Maharashtra 440018","{'district': 'Ganeshpeth Colony', 'street_address': '43QW+479, St Stand Rd', 'city': 'Nagpur', 'zipcode': '440018', 'state': 'Maharashtra', 'country': 'IN'}",21.1377797,79.0957392,https://www.google.com/maps/place/data=!3m1!4b1!4m2!3m1!1s0x3bd4c1cec38301c5:0x580525c039bee897,,,0
155,Bolt.Earth Charging Station,[],"AIIMS, Road, MIHAN, Nagpur, Dahegaon, Maharashtra 441108","{'district': 'MIHAN, Nagpur', 'street_address': 'AIIMS, Road', 'city': 'Dahegaon', 'zipcode': '441108', 'state': 'Maharashtra', 'country': 'IN'}",21.0417463,79.0349033,https://www.google.com/maps/place/data=!3m1!4b1!4m2!3m1!1s0x3bd4bfafb363d0e5:0xba7fcf0b9051da26,,,0
156,Ather Grid Charging Station,[],"HPCL, Ring Road, Manewada Chowk, Dist:, Nagpur, Maharashtra 440034","{'district': 'Manewada Chowk, Dist:', 'street_address': 'HPCL, Ring Road', 'city': 'Nagpur', 'zipcode': '440034', 'state': 'Maharashtra', 'country': 'IN'}",21.1049136,79.1027189,https://www.google.com/maps/place/data=!3m1!4b1!4m2!3m1!1s0x3bd4bf4eb0a50aff:0xdf71a0ddeb3a40da,,5.0,1
157,Electric Vehicle Charging Station,[],"442Q+5P6, Mallari Baba Society, Bhadravati, Maharashtra 442902","{'district': 'Mallari Baba Society', 'street_address': '442Q+5P6', 'city': 'Bhadravati', 'zipcode': '442902', 'state': 'Maharashtra', 'country': 'IN'}",20.1004211,79.13925429999999,https://www.google.com/maps/place/data=!3m1!4b1!4m2!3m1!1s0x3bd3250065aeae2b:0xc94a1ec4de6ed256,,4.0,1
158,Electric Vehicle Charging Station,[],"4433+X2Q, HPCL Ring Road, Dist:, Manewada Chowk, Nagpur, Maharashtra 440034","{'district': 'Manewada Chowk, Manewada', 'street_address': '4433+X2Q, HPCL Ring Road, Dist:', 'city': 'Nagpur', 'zipcode': '440034', 'state': 'Maharashtra', 'country': 'IN'}",21.10495,79.1026071,https://www.google.com/maps/place/data=!3m1!4b1!4m2!3m1!1s0x3bd4bf005fb09c51:0x208ad2861129cd99,,,0
159,Bharat Power Supply,[],"424, Satyam Apartment, 8, Wardha Rd, Dhantoli, Nagpur, Maharashtra 440012","{'district': 'Dhantoli', 'street_address': '424, Satyam Apartment, 8, Wardha Rd', 'city': 'Nagpur', 'zipcode': '440012', 'state': 'Maharashtra', 'country': 'IN'}",21.1370507,79.0794444,https://www.google.com/maps/place/data=!3m1!4b1!4m2!3m1!1s0x3bd4c09112c15555:0x9caad2e4176e938d,,,0
160,Tata EV charging station,[],"1/469/24, VGP MANGALPURI TOWN POOMALUR, Tiruppur, Tamil Nadu 441108","{'district': 'VGP MANGALPURI TOWN POOMALUR', 'street_address': '1/469/24', 'city': 'Tiruppur', 'zipcode': '441108', 'state': 'Tamil Nadu', 'country': 'IN'}",21.032392299999998,79.0518927,https://www.google.com/maps/place/data=!3m1!4b1!4m2!3m1!1s0x3bd4bf005c658e39:0xb39d82e850750880,,5.0,1
161,Electric vehicle charging station,[],"Ward no 1, kedar layout, police vasahat, javad, Deoli, Maharashtra 442101","{'district': 'javad', 'street_address': 'Ward no 1, kedar layout, police vasahat', 'city': 'Deoli', 'zipcode': '442101', 'state': 'Maharashtra', 'country': 'IN'}",20.653218,78.4769827,https://www.google.com/maps/place/data=!3m1!4b1!4m2!3m1!1s0x3bd389fe08ab3c05:0x52f03c299485921,,,0
162,Jio-bp pulse Charging Station,[],"Survey No 104/2 NH 7, Wardha Rd, Butibori, Bothli, Khapri, Nagpur, Maharashtra 441108","{'district': None, 'street_address': 'Survey No 104/2 NH 7, Wardha Rd, Butibori, Bothli', 'city': 'Khapri, Nagpur', 'zipcode': '441108', 'state': 'Maharashtra', 'country': 'IN'}",20.9718427,79.0240962,https://www.google.com/maps/place/data=!3m1!4b1!4m2!3m1!1s0x3bd4bd396a814f97:0x82d60bcbb9d79c7,,4.5,13
163,Om sai corporation e rickshaw,[],"jhon deere trector showroomke bagal me, Shivaji complex, rode, durg, Chhattisgarh 491111","{'district': None, 'street_address': 'jhon deere trector showroomke bagal me, Shivaji complex, rode', 'city': 'durg', 'zipcode': '491111', 'state': 'Chhattisgarh', 'country': 'IN'}",21.047829399999998,81.53317779999999,https://www.google.com/maps/place/data=!3m1!4b1!4m2!3m1!1s0x3a28d7ed92d454ed:0xea874b00d7026ccc,,5.0,2
164,Electric Vehicle Charging Station,[],"Q8R9+V5G, Dhurkheda, Maharashtra 441203","{'district': None, 'street_address': 'Q8R9+V5G', 'city': 'Dhurkheda', 'zipcode': '441203', 'state': 'Maharashtra', 'country': 'IN'}",20.792184799999998,79.31796109999999,https://www.google.com/maps/place/data=!3m1!4b1!4m2!3m1!1s0x3bd4ab007560944b:0x3cbcf642a6f23941,,,0
165,Electric Vehicle Charging Station,[],"JW8M+F2F, Chandrapur - Nagpur Rd, Jamb, Maharashtra 442301","{'district': None, 'street_address': 'JW8M+F2F, Chandrapur - Nagpur Rd', 'city': 'Jamb', 'zipcode': '442301', 'state': 'Maharashtra', 'country': 'IN'}",20.6161758,78.9325387,https://www.google.com/maps/place/data=!3m1!4b1!4m2!3m1!1s0x3bd3670027fa3209:0x1fc1a2c7428f3bca,,3.8,5
166,BPCL Charging Station,[],"V7PQ+VHJ, Sirsi (r), Ghoturli, Maharashtra 441214","{'district': None, 'street_address': 'V7PQ+VHJ', 'city': 'Sirsi (r), Ghoturli', 'zipcode': '441214', 'state': 'Maharashtra', 'country': 'IN'}",20.8872,79.2889,https://www.google.com/maps/place/data=!3m1!4b1!4m2!3m1!1s0x3bd4ae9d4ac997ab:0xc23c5faf3a307cc6,,,0
167,Jio-bp pulse Charging Station,[],"Prabhag No.15, Parking Area, near Patrakar Bhavan, near Yashwant Stadium, Panchshil Chowk, Dhantoli, Nagpur, Maharashtra 440012","{'district': 'Panchshil Chowk, Dhantoli', 'street_address': 'Prabhag No.15, Parking Area, near Patrakar Bhavan, near Yashwant Stadium', 'city': 'Nagpur', 'zipcode': '440012', 'state': 'Maharashtra', 'country': 'IN'}",21.13874,79.08046399999999,https://www.google.com/maps/place/data=!3m1!4b1!4m2!3m1!1s0x3bd4c1d247685bf9:0xf81d06352b326afa,,,0
168,Jio-bp pulse Charging Station,[],"Shop No-15, 16, Central Bazar Road, opp. Tuli Imperial-Nmc, Ramdaspeth, Nagpur, Maharashtra 440010","{'district': 'Ramdaspeth', 'street_address': 'Shop No-15, 16, Central Bazar Road, opp. Tuli Imperial-Nmc', 'city': 'Nagpur', 'zipcode': '440010', 'state': 'Maharashtra', 'country': 'IN'}",21.13335,79.073087,https://www.google.com/maps/place/data=!3m1!4b1!4m2!3m1!1s0x3bd4c1156d707f6b:0x92191f6c91c30a63,,,0
169,Jio-bp pulse Charging Station,[],"Prabhag No.13, Wadi Naka, Amravati Rd, Naka, Wadi, Nagpur, Maharashtra 440023","{'district': 'Naka, Wadi', 'street_address': 'Prabhag No.13, Wadi Naka, Amravati Rd', 'city': 'Nagpur', 'zipcode': '440023', 'state': 'Maharashtra', 'country': 'IN'}",21.154041,79.012984,https://www.google.com/maps/place/data=!3m1!4b1!4m2!3m1!1s0x3bd4eb46085cb419:0xc1640f259ee6e797,,,0
170,Jio-bp pulse Charging Station,[],"Nmc, Data Missing - Only Plus Code Provided, Square, near Pkv Land, Rahate Colony, Nagpur, Maharashtra 440010","{'district': 'Rahate Colony, Dhantoli', 'street_address': 'Nmc, Data Missing - Only Plus Code Provided, Square, near Pkv Land', 'city': 'Nagpur', 'zipcode': '440010', 'state': 'Maharashtra', 'country': 'IN'}",21.131249,79.076763,https://www.google.com/maps/place/data=!3m1!4b1!4m2!3m1!1s0x3bd4c1e7dec0c66d:0x9d54eb343e950586,,,0
